ID,Name,InChI,InChIKey,SMILES,Solubility,Prediction
H-1,Acenaphthalene  ,InChI=1S/C12H8/c1-3-9-4-2-6-11-8-7-10(5-1)12(9)11/h1-8H,HXGDTGSAIMULJN-UHFFFAOYSA-N,C1=CC2=C3C(=C1)C=CC3=CC=C2,-3.96,-5.01
H-2,Acetamide  ,"InChI=1S/C2H5NO/c1-2(3)4/h1H3,(H2,3,4)",DLFVBJFMPXGRIB-UHFFFAOYSA-N,CC(N)=O,1.58,0.8
H-3,Acetonitrile  ,InChI=1S/C2H3N/c1-2-3/h1H3,WEVYAHXRMPXWCK-UHFFFAOYSA-N,CC#N,0.26,-0.2
H-4,Acetophenone  ,"InChI=1S/C8H8O/c1-7(9)8-5-3-2-4-6-8/h2-6H,1H3",KWOLFJPFCHCOCG-UHFFFAOYSA-N,CC(=O)C1=CC=CC=C1,-1.28,-1.95
H-5,Acrolein  ,"InChI=1S/C3H4O/c1-2-3-4/h2-3H,1H2",HGINCPLSRVDWNT-UHFFFAOYSA-N,C=CC=O,0.97,0.28
H-6,Acrylaldehyde  ,"InChI=1S/C3H4O/c1-2-3-4/h2-3H,1H2",HGINCPLSRVDWNT-UHFFFAOYSA-N,C=CC=O,0.57,0.28
H-7,Acrylamide  ,"InChI=1S/C3H5NO/c1-2-3(4)5/h2H,1H2,(H2,4,5)",HRPVXLWXLXDGHG-UHFFFAOYSA-N,C=CC(N)=O,0.98,0.23
H-8,Acrylonitrile  ,"InChI=1S/C3H3N/c1-2-3-4/h2H,1H2",NLHHRLWOUZZQLW-UHFFFAOYSA-N,C=CC#N,0.15,-0.55
H-9,Amyl acetate  ,"InChI=1S/C7H14O2/c1-3-4-5-6-9-7(2)8/h3-6H2,1-2H3",PGMYKACGEOXYJE-UHFFFAOYSA-N,CCCCCOC(C)=O,-1.89,-1.88
H-10,t-Amylbenzene  ,"InChI=1S/C11H16/c1-4-11(2,3)10-8-6-5-7-9-10/h5-9H,4H2,1-3H3",QHTJSSMHBLGUHV-UHFFFAOYSA-N,CCC(C)(C)C1=CC=CC=C1,-4.15,-4.57
H-11,Androstanedione  ,"InChI=1S/C19H28O2/c1-18-8-3-4-14(18)13-6-5-12-10-16(20)17(21)11-19(12,2)15(13)7-9-18/h12-15H,3-11H2,1-2H3",BVOKWOPQCAWSLV-UHFFFAOYSA-N,CC12CCCC1C1CCC3CC(=O)C(=O)CC3(C)C1CC2,-3.76,-5.92
H-12,Anisole  ,"InChI=1S/C7H8O/c1-8-7-5-3-2-4-6-7/h2-6H,1H3",RDOXTESZEPMUJZ-UHFFFAOYSA-N,COC1=CC=CC=C1,-1.85,-1.54
H-13,Anthracene  ,InChI=1S/C14H10/c1-2-6-12-10-14-8-4-3-7-13(14)9-11(12)5-1/h1-10H,MWPLVEDNUUSJAV-UHFFFAOYSA-N,C1=CC=C2C=C3C=CC=CC3=CC2=C1,-6.39,-5.57
H-14,Anthraquinone  ,InChI=1S/C14H8O2/c15-13-9-5-1-2-6-10(9)14(16)12-8-4-3-7-11(12)13/h1-8H,RZVHIXYEVGDQDX-UHFFFAOYSA-N,O=C1C2=CC=CC=C2C(=O)C2=C1C=CC=C2,-5.19,-3.65
H-15,Benzaldehyde  ,InChI=1S/C7H6O/c8-6-7-4-2-1-3-5-7/h1-6H,HUMNYLRZRPPJDN-UHFFFAOYSA-N,O=CC1=CC=CC=C1,-1.19,-1.29
H-16,Benzamide  ,"InChI=1S/C7H7NO/c8-7(9)6-4-2-1-3-5-6/h1-5H,(H2,8,9)",KXDAEFPNCMNJSK-UHFFFAOYSA-N,NC(=O)C1=CC=CC=C1,-0.96,-1.14
H-17,Benzene  ,InChI=1S/C6H6/c1-2-4-6-5-3-1/h1-6H,UHOVQNZJYSORNB-UHFFFAOYSA-N,C1=CC=CC=C1,-1.64,-1.85
H-18,Benzo[a]fluorene  ,"InChI=1S/C17H12/c1-3-7-14-12(5-1)9-10-16-15-8-4-2-6-13(15)11-17(14)16/h1-10H,11H2",HKMTVMBEALTRRR-UHFFFAOYSA-N,C1=CC=C2C(=C1)C=CC1=C2CC2=C1C=CC=C2,-6.68,-6.87
H-19,Benzo[a]pyrene  ,InChI=1S/C20H12/c1-2-7-17-15(4-1)12-16-9-8-13-5-3-6-14-10-11-18(17)20(16)19(13)14/h1-12H,FMMWHPNWAFZXNH-UHFFFAOYSA-N,C1=CC=C2C(=C1)C=C1C=CC3=CC=CC4=CC=C2C1=C34,-7.82,-8.31
H-20,Benzo[a]pyrene  ,InChI=1S/C20H12/c1-2-7-17-15(4-1)12-16-9-8-13-5-3-6-14-10-11-18(17)20(16)19(13)14/h1-12H,FMMWHPNWAFZXNH-UHFFFAOYSA-N,C1=CC2=CC=C3C4=C(C=CC=C4)C=C4C=CC(=C1)C2=C43,-8.19,-8.31
H-21,Benzo[b]fluorene  ,"InChI=1S/C17H12/c1-2-6-13-11-17-15(9-12(13)5-1)10-14-7-3-4-8-16(14)17/h1-9,11H,10H2",HAPOJKSPCGLOOD-UHFFFAOYSA-N,C1=CC2=CC3=C(C=C2C=C1)C1=C(C=CC=C1)C3,-8.04,-6.65
H-22,Benzonitrile  ,InChI=1S/C7H5N/c8-6-7-4-2-1-3-5-7/h1-5H,JFDZBHWFFUWGJE-UHFFFAOYSA-N,N#CC1=CC=CC=C1,-1,-1.05
H-23,Benzophenone  ,InChI=1S/C13H10O/c14-13(11-7-3-1-4-8-11)12-9-5-2-6-10-12/h1-10H,RWCCWEUUXYIKHB-UHFFFAOYSA-N,O=C(C1=CC=CC=C1)C1=CC=CC=C1,-3.12,-3.66
H-24,Benzyl butyl phthalate  ,"InChI=1S/C19H20O4/c1-2-3-13-22-18(20)16-11-7-8-12-17(16)19(21)23-14-15-9-5-4-6-10-15/h4-12H,2-3,13-14H2,1H3",IRIAEXORFWYRCZ-UHFFFAOYSA-N,CCCCOC(=O)C1=CC=CC=C1C(=O)OCC1=CC=CC=C1,-5.64,-5.01
H-25,Betamethasone  ,"InChI=1S/C28H37FO7/c1-6-23(33)35-15-22(32)28(36-24(34)7-2)16(3)12-20-19-9-8-17-13-18(30)10-11-25(17,4)27(19,29)21(31)14-26(20,28)5/h10-11,13,16,19-21,31H,6-9,12,14-15H2,1-5H3",CIWBQSYVNNPZIQ-UHFFFAOYSA-N,CCC(=O)OCC(=O)C1(OC(=O)CC)C(C)CC2C3CCC4=CC(=O)C=CC4(C)C3(F)C(O)CC21C,-3.77,-5.04
H-26,Bibenzyl  ,"InChI=1S/C14H14/c1-3-7-13(8-4-1)11-12-14-9-5-2-6-10-14/h1-10H,11-12H2",QWUWMCYKGHVNAV-UHFFFAOYSA-N,C1=CC=C(CCC2=CC=CC=C2)C=C1,-4.62,-5.17
H-27,Biphenyl  ,InChI=1S/C12H10/c1-3-7-11(8-4-1)12-9-5-2-6-10-12/h1-10H,ZUOUZKKEUPVFJK-UHFFFAOYSA-N,C1=CC=C(C2=CC=CC=C2)C=C1,-4.31,-4.01
H-28,1-Bromo-2-methylpropane  ,"InChI=1S/C4H9Br/c1-4(2)3-5/h4H,3H2,1-2H3",HLVFKOKELQSXIQ-UHFFFAOYSA-N,CC(C)CBr,-2.43,-2.18
H-29,1-Bromo-3-chloropropane  ,InChI=1S/C3H6BrCl/c4-2-1-3-5/h1-3H2,MFESCIUQSIBMSM-UHFFFAOYSA-N,ClCCCBr,-1.85,-2.07
H-30,1-Bromo-3-methylbutane  ,"InChI=1S/C5H11Br/c1-5(2)3-4-6/h5H,3-4H2,1-2H3",YXZFFTJAHVMMLF-UHFFFAOYSA-N,CC(C)CCBr,-2.89,-2.78
H-31,3-Bromo-4-hydroxybenzaldehyde  ,"InChI=1S/C7H5BrO2/c8-6-3-5(4-9)1-2-7(6)10/h1-4,10H",UOTMHAOCAJROQF-UHFFFAOYSA-N,O=CC1=CC=C(O)C(Br)=C1,-2.18,-1.91
H-32,Bromobenzene  ,InChI=1S/C6H5Br/c7-6-4-2-1-3-5-6/h1-5H,QARVLSVVCXYDNA-UHFFFAOYSA-N,BrC1=CC=CC=C1,-2.55,-2.58
H-33,1-Bromobutane  ,"InChI=1S/C4H9Br/c1-2-3-4-5/h2-4H2,1H3",MPPPKRYCTPRNTB-UHFFFAOYSA-N,CCCCBr,-2.37,-2.25
H-34,2-Bromochlorobenzene  ,InChI=1S/C6H4BrCl/c7-5-3-1-2-4-6(5)8/h1-4H,QBELEDRHMPMKHP-UHFFFAOYSA-N,ClC1=CC=CC=C1Br,-3.19,-3.37
H-35,3-Bromochlorobenzene  ,InChI=1S/C6H4BrCl/c7-5-2-1-3-6(8)4-5/h1-4H,JRGGUPZKKTVKOV-UHFFFAOYSA-N,ClC1=CC=CC(Br)=C1,-3.21,-3.37
H-36,Bromochloromethane  ,InChI=1S/CH2BrCl/c2-1-3/h1H2,JPOXNPPZZKNXOV-UHFFFAOYSA-N,ClCBr,-0.89,-0.96
H-37,Bromodichloromethane  ,InChI=1S/CHBrCl2/c2-1(3)4/h1H,FMWLUWPQPKEARP-UHFFFAOYSA-N,ClC(Cl)Br,-1.54,-1.39
H-38,Bromoethane  ,"InChI=1S/C2H5Br/c1-2-3/h2H2,1H3",RDHPKYGYEGBMSE-UHFFFAOYSA-N,CCBr,-1.09,-1.04
H-39,1-Bromopropane  ,"InChI=1S/C3H7Br/c1-2-3-4/h2-3H2,1H3",CYNYIHKIEHGYOZ-UHFFFAOYSA-N,CCCBr,-1.73,-1.62
H-40,2-Bromopropane  ,"InChI=1S/C3H7Br/c1-3(2)4/h3H,1-2H3",NAMYKGVDVNBCFQ-UHFFFAOYSA-N,CC(C)Br,-1.59,-1.57
H-41,m-Bromotoluene  ,"InChI=1S/C7H7Br/c1-6-3-2-4-7(8)5-6/h2-5H,1H3",WJIFKOVZNJTSGO-UHFFFAOYSA-N,CC1=CC=CC(Br)=C1,-3.52,-3.2
H-42,Butane  ,"InChI=1S/C4H10/c1-3-4-2/h3-4H2,1-2H3",IJDNQMDRQITEOD-UHFFFAOYSA-N,CCCC,-2.95,-1.91
H-43,1-Butanol  ,"InChI=1S/C4H10O/c1-2-3-4-5/h5H,2-4H2,1H3",LRHPLDYGYMQRHN-UHFFFAOYSA-N,CCCCO,0,0.33
H-44,2-Butanol  ,"InChI=1S/C4H10O/c1-3-4(2)5/h4-5H,3H2,1-2H3",BTANRVKWQNVYAZ-UHFFFAOYSA-N,CCC(C)O,0.43,0.42
H-45,2-Butoxyethanol  ,"InChI=1S/C6H14O2/c1-2-3-5-8-6-4-7/h7H,2-6H2,1H3",POAOYUHQDCAZBD-UHFFFAOYSA-N,CCCCOCCO,-0.42,-0.19
H-46,Butyl acetate  ,"InChI=1S/C6H12O2/c1-3-4-5-8-6(2)7/h3-5H2,1-2H3",DKPFZGUDAPQIHT-UHFFFAOYSA-N,CCCCOC(C)=O,-1.24,-1.31
H-47,Butyl benzene  ,"InChI=1S/C10H14/c1-2-3-7-10-8-5-4-6-9-10/h4-6,8-9H,2-3,7H2,1H3",OCKPCBLVNKHBMX-UHFFFAOYSA-N,CCCCC1=CC=CC=C1,-4.06,-4.3
H-48,t-Butyl benzene  ,"InChI=1S/C10H14/c1-10(2,3)9-7-5-4-6-8-9/h4-8H,1-3H3",YTZKOQUCBOVLHL-UHFFFAOYSA-N,CC(C)(C)C1=CC=CC=C1,-3.66,-4.04
H-49,2-Butyl benzene  ,"InChI=1S/C10H14/c1-3-9(2)10-7-5-4-6-8-10/h4-9H,3H2,1-2H3",ZJMWRROPUADPEA-UHFFFAOYSA-N,CCC(C)C1=CC=CC=C1,-3.89,-4.13
H-50,Butyraldehyde  ,"InChI=1S/C4H8O/c1-2-3-4-5/h4H,2-3H2,1H3",ZTQSAGDEMFDKMZ-UHFFFAOYSA-N,CCCC=O,-0.01,-0.15
H-51,Camphor  ,"InChI=1S/C10H16O/c1-9(2)7-4-5-10(9,3)8(11)6-7/h7H,4-6H2,1-3H3",DSSYKIVIOFKYAU-UHFFFAOYSA-N,CC12CCC(CC1=O)C2(C)C,-1.88,-2.24
H-52,Caproaldehyde  ,"InChI=1S/C6H12O/c1-2-3-4-5-6-7/h6H,2-5H2,1H3",JARKCYVAAOWBJS-UHFFFAOYSA-N,CCCCCC=O,-1.3,-1.35
H-53,Caprylaldehyde  ,"InChI=1S/C8H16O/c1-2-3-4-5-6-7-8-9/h8H,2-7H2,1H3",NUJGJRNETVAIRJ-UHFFFAOYSA-N,CCCCCCCC=O,-2.36,-2.65
H-54,Carbon tetrachloride  ,"InChI=1S/CCl4/c2-1(3,4)5",VZGDMQKNWNREIO-UHFFFAOYSA-N,ClC(Cl)(Cl)Cl,-2.29,-1.93
H-55,1-Chloro-2-Bromoethane  ,InChI=1S/C2H4BrCl/c3-1-2-4/h1-2H2,IBYHHJPAARCAIE-UHFFFAOYSA-N,ClCCBr,-1.32,-1.42
H-56,2-Chloro-2-methylbutane  ,"InChI=1S/C5H11Cl/c1-4-5(2,3)6/h4H2,1-3H3",CRNIHJHMEQZAAS-UHFFFAOYSA-N,CCC(C)(C)Cl,-2.51,-2.74
H-57,1-Chloro-2-methylpropane  ,"InChI=1S/C4H9Cl/c1-4(2)3-5/h4H,3H2,1-2H3",QTBFPMKWQKYFLR-UHFFFAOYSA-N,CC(C)CCl,-2,-2.06
H-58,1-Chloro-4-nitrobenzene  ,InChI=1S/C6H4ClNO2/c7-5-1-3-6(4-2-5)8(9)10/h1-4H,CZGCEKJOLUNIFY-UHFFFAOYSA-N,C1=CC(=CC=C1[N+](=O)[O-])Cl,-2.92,-2.81
H-59,2-Chloroanisole  ,"InChI=1S/C7H7ClO/c1-9-7-5-3-2-4-6(7)8/h2-5H,1H3",QGRPVMLBTFGQDQ-UHFFFAOYSA-N,COC1=CC=CC=C1Cl,-2.46,-2.53
H-60,3-Chloroanisole  ,"InChI=1S/C7H7ClO/c1-9-7-4-2-3-6(8)5-7/h2-5H,1H3",YUKILTJWFRTXGB-UHFFFAOYSA-N,COC1=CC=CC(Cl)=C1,-2.78,-2.57
H-61,4-Chloroanisole  ,"InChI=1S/C7H7ClO/c1-9-7-4-2-6(8)3-5-7/h2-5H,1H3",YRGAYAGBVIXNAQ-UHFFFAOYSA-N,COC1=CC=C(Cl)C=C1,-2.78,-2.64
H-62,Chlorobenzene  ,InChI=1S/C6H5Cl/c7-6-4-2-1-3-5-6/h1-5H,MVPPADPHJFYWMZ-UHFFFAOYSA-N,ClC1=CC=CC=C1,-2.41,-2.27
H-63,o-Chlorobiphenyl  ,InChI=1S/C12H9Cl/c13-12-9-5-4-8-11(12)10-6-2-1-3-7-10/h1-9H,LAXBNTIAOJWAOP-UHFFFAOYSA-N,ClC1=CC=CC=C1C1=CC=CC=C1,-4.54,-4.85
H-64,m-Chlorobiphenyl  ,InChI=1S/C12H9Cl/c13-12-8-4-7-11(9-12)10-5-2-1-3-6-10/h1-9H,NMWSKOLWZZWHPL-UHFFFAOYSA-N,ClC1=CC(C2=CC=CC=C2)=CC=C1,-4.88,-4.85
H-65,p-Chlorobiphenyl  ,InChI=1S/C12H9Cl/c13-12-8-6-11(7-9-12)10-4-2-1-3-5-10/h1-9H,FPWNLURCHDRMHC-UHFFFAOYSA-N,ClC1=CC=C(C2=CC=CC=C2)C=C1,-5.2,-4.84
H-66,1-Chlorobutane  ,"InChI=1S/C4H9Cl/c1-2-3-4-5/h2-4H2,1H3",VFWCMGCRMGJXDK-UHFFFAOYSA-N,CCCCCl,-2.03,-2.09
H-67,2-Chlorobutane  ,"InChI=1S/C4H9Cl/c1-3-4(2)5/h4H,3H2,1-2H3",BSPCSKHALVHRSR-UHFFFAOYSA-N,CCC(C)Cl,-1.96,-1.96
H-68,2-Chlorodibenzo-p-dioxin  ,InChI=1S/C12H7ClO2/c13-8-5-6-11-12(7-8)15-10-4-2-1-3-9(10)14-11/h1-7H,GIUGGRUEPHPVNR-UHFFFAOYSA-N,ClC1=CC=C2OC3=CC=CC=C3OC2=C1,-5.87,-4
H-69,Chlorodibromomethane  ,InChI=1S/CHBr2Cl/c2-1(3)4/h1H,GATVIKZLVQHOMN-UHFFFAOYSA-N,ClC(Br)Br,-1.9,-1.64
H-70,2-Chlorodiphenyl ether  ,InChI=1S/C12H9ClO/c13-11-8-4-5-9-12(11)14-10-6-2-1-3-7-10/h1-9H,IPBRZLMGGXHHMS-UHFFFAOYSA-N,ClC1=CC=CC=C1OC1=CC=CC=C1,-4.78,-4.3
H-71,1-Chlorohexane  ,"InChI=1S/C6H13Cl/c1-2-3-4-5-6-7/h2-6H2,1H3",MLRVZFYXUZQSRU-UHFFFAOYSA-N,CCCCCCCl,-3.12,-3.56
H-72,1-Chloropentane  ,"InChI=1S/C5H11Cl/c1-2-3-4-5-6/h2-5H2,1H3",SQCZQTSHSZLZIQ-UHFFFAOYSA-N,CCCCCCl,-2.73,-2.88
H-73,2-Chloropentane  ,"InChI=1S/C5H11Cl/c1-3-4-5(2)6/h5H,3-4H2,1-2H3",NFRKUDYZEVQXTE-UHFFFAOYSA-N,CCCC(C)Cl,-2.63,-2.78
H-74,3-Chloropentane  ,"InChI=1S/C5H11Cl/c1-3-5(6)4-2/h5H,3-4H2,1-2H3",CXQSCYIVCSCSES-UHFFFAOYSA-N,CCC(Cl)CC,-2.63,-2.79
H-75,1-Chloropropane  ,"InChI=1S/C3H7Cl/c1-2-3-4/h2-3H2,1H3",SNMVRZFUUCLYTO-UHFFFAOYSA-N,CCCCl,-1.47,-1.3
H-76,2-Chloropropane  ,"InChI=1S/C3H7Cl/c1-3(2)4/h3H,1-2H3",ULYZAYCEDJDHCC-UHFFFAOYSA-N,CC(C)Cl,-1.41,-1.26
H-77,3-Chloropropylene  ,"InChI=1S/C3H5Cl/c1-2-3-4/h2H,1,3H2",OSDWBNJEKMUWAV-UHFFFAOYSA-N,C=CCCl,-1.36,-1.53
H-78,m-Chlorotoluene  ,"InChI=1S/C7H7Cl/c1-6-3-2-4-7(8)5-6/h2-5H,1H3",OSOUNOBYRMOXQQ-UHFFFAOYSA-N,CC1=CC=CC(Cl)=C1,-3.52,-3.04
H-79,o-Chlorotoluene  ,"InChI=1S/C7H7Cl/c1-6-4-2-3-5-7(6)8/h2-5H,1H3",IBSQPLPBRSHTTG-UHFFFAOYSA-N,CC1=CC=CC=C1Cl,-3.52,-2.93
H-80,p-Chlorotoluene  ,"InChI=1S/C7H7Cl/c1-6-2-4-7(8)5-3-6/h2-5H,1H3",NPDACUSDTOMAMK-UHFFFAOYSA-N,CC1=CC=C(Cl)C=C1,-3.08,-3.04
H-81,Cholesterol  ,"InChI=1S/C27H46O/c1-18(2)7-6-8-19(3)23-11-12-24-22-10-9-20-17-21(28)13-15-26(20,4)25(22)14-16-27(23,24)5/h9,18-19,21-25,28H,6-8,10-17H2,1-5H3",HVYWMOMLDIMFJA-UHFFFAOYSA-N,CC(C)CCCC(C)C1CCC2C3CC=C4CC(O)CCC4(C)C3CCC12C,-7,-7.14
H-82,Chrysene  ,InChI=1S/C18H12/c1-3-7-15-13(5-1)9-11-18-16-8-4-2-6-14(16)10-12-17(15)18/h1-12H,WDECIBYCCFPHNR-UHFFFAOYSA-N,C1=CC=C2C(=C1)C=CC1=C3C=CC=CC3=CC=C21,-8.06,-7.66
H-83,Corticosterone  ,"InChI=1S/C21H30O4/c1-20-8-7-13(23)9-12(20)3-4-14-15-5-6-16(18(25)11-22)21(15,2)10-17(24)19(14)20/h9,14-17,19,22,24H,3-8,10-11H2,1-2H3",OMFXVFTZEKFJBZ-UHFFFAOYSA-N,CC12CCC(=O)C=C1CCC1C2C(O)CC2(C)C(C(=O)CO)CCC12,-3.24,-3.88
H-84,Cortisone  ,"InChI=1S/C21H28O5/c1-19-7-5-13(23)9-12(19)3-4-14-15-6-8-21(26,17(25)11-22)20(15,2)10-16(24)18(14)19/h9,14-15,18,22,26H,3-8,10-11H2,1-2H3",MFYSYFVPBJMHGN-UHFFFAOYSA-N,CC12CCC(=O)C=C1CCC1C2C(=O)CC2(C)C1CCC2(O)C(=O)CO,-3.11,-3.42
H-85,Coumarin  ,InChI=1S/C9H6O2/c10-9-6-5-7-3-1-2-4-8(7)11-9/h1-6H,ZYGHJZDHTFUPRJ-UHFFFAOYSA-N,O=C1C=CC2=C(C=CC=C2)O1,-1.73,-2.16
H-86,"1,4-Cyclohexadiene  ","InChI=1S/C6H8/c1-2-4-6-5-3-1/h1-2,5-6H,3-4H2",UVJHQYIOXKWHFD-UHFFFAOYSA-N,C1=CCC=CC1,-1.97,-2.14
H-87,Cyclohexane  ,InChI=1S/C6H12/c1-2-4-6-5-3-1/h1-6H2,XDTMQSROBMDMFD-UHFFFAOYSA-N,C1CCCCC1,-3.1,-3.33
H-88,Cyclohexanol  ,"InChI=1S/C6H12O/c7-6-4-2-1-3-5-6/h6-7H,1-5H2",HPXRVTGHNJAIIH-UHFFFAOYSA-N,OC1CCCCC1,-0.44,-0.77
H-89,Cyclohexanone  ,InChI=1S/C6H10O/c7-6-4-2-1-3-5-6/h1-5H2,JHIVVAPYMSGYDF-UHFFFAOYSA-N,O=C1CCCCC1,-0.6,-0.7
H-90,Cyclohexene  ,"InChI=1S/C6H10/c1-2-4-6-5-3-1/h1-2H,3-6H2",HGCIXCUEYOPUTN-UHFFFAOYSA-N,C1=CCCCC1,-2.59,-2.89
H-91,Cyclopentane  ,InChI=1S/C5H10/c1-2-4-5-3-1/h1-5H2,RGSFGYAAUTVSQA-UHFFFAOYSA-N,C1CCCC1,-2.64,-2.55
H-92,Cyclopentene  ,"InChI=1S/C5H8/c1-2-4-5-3-1/h1-2H,3-5H2",LPIQUOYDBNQMRZ-UHFFFAOYSA-N,C1=CCCC1,-2.1,-2.14
H-93,Decachlorobiphenyl  ,InChI=1S/C12Cl10/c13-3-1(4(14)8(18)11(21)7(3)17)2-5(15)9(19)12(22)10(20)6(2)16,ONXPZLFXDMAPRO-UHFFFAOYSA-N,ClC1=C(Cl)C(Cl)=C(C2=C(Cl)C(Cl)=C(Cl)C(Cl)=C2Cl)C(Cl)=C1Cl,-11.62,-9.38
H-94,Decachlorodiphenyl ether  ,InChI=1S/C12Cl10O/c13-1-3(15)7(19)11(8(20)4(1)16)23-12-9(21)5(17)2(14)6(18)10(12)22,CIPFDHFTBYJKQB-UHFFFAOYSA-N,ClC1=C(Cl)C(Cl)=C(OC2=C(Cl)C(Cl)=C(Cl)C(Cl)=C2Cl)C(Cl)=C1Cl,-12.95,-9.33
H-95,Di(2-ethylhexyl) phthalate  ,"InChI=1S/C24H38O4/c1-5-9-13-19(7-3)17-27-23(25)21-15-11-12-16-22(21)24(26)28-18-20(8-4)14-10-6-2/h11-12,15-16,19-20H,5-10,13-14,17-18H2,1-4H3",BJQHLKABXJIVAM-UHFFFAOYSA-N,CCCCC(CC)COC(=O)C1=CC=CC=C1C(=O)OCC(CC)CCCC,-6.96,-6.56
H-96,Dibenzofuran  ,InChI=1S/C12H8O/c1-3-7-11-9(5-1)10-6-2-4-8-12(10)13-11/h1-8H,TXCDCPKCNAJMEE-UHFFFAOYSA-N,C1=CC=C2C(=C1)OC1=CC=CC=C12,-4.44,-3.62
H-97,Dibenzo-p-dioxin  ,InChI=1S/C12H8O2/c1-2-6-10-9(5-1)13-11-7-3-4-8-12(11)14-10/h1-8H,NFBOHOGPQUYFRF-UHFFFAOYSA-N,C1=CC=C2OC3=CC=CC=C3OC2=C1,-5.34,-2.98
H-98,Dibenzothiophene  ,InChI=1S/C12H8S/c1-3-7-11-9(5-1)10-6-2-4-8-12(10)13-11/h1-8H,IYYZUPMFVPLQIF-UHFFFAOYSA-N,C1=CC=C2C(=C1)SC1=CC=CC=C12,-5.21,-4.04
H-99,"1,2-Dibromobenzene  ",InChI=1S/C6H4Br2/c7-5-3-1-2-4-6(5)8/h1-4H,WQONPSCCEXUXTQ-UHFFFAOYSA-N,BrC1=CC=CC=C1Br,-3.5,-3.71
H-100,"1,3-Dibromobenzene  ",InChI=1S/C6H4Br2/c7-5-2-1-3-6(8)4-5/h1-4H,JSRLURSZEMLAFO-UHFFFAOYSA-N,BrC1=CC=CC(Br)=C1,-3.54,-3.68
H-101,"1,4-Dibromobenzene  ",InChI=1S/C6H4Br2/c7-5-1-2-6(8)4-3-5/h1-4H,SWJPEBQEEAHIGZ-UHFFFAOYSA-N,BrC1=CC=C(Br)C=C1,-4.07,-3.58
H-102,"4,4'-Dibromobiphenyl  ",InChI=1S/C12H8Br2/c13-11-5-1-9(2-6-11)10-3-7-12(14)8-4-10/h1-8H,HQJQYILBCQPYBI-UHFFFAOYSA-N,BrC1=CC=C(C2=CC=C(Br)C=C2)C=C1,-7.74,-5.76
H-103,"1,2-Dibromoethane  ",InChI=1S/C2H4Br2/c3-1-2-4/h1-2H2,PAAZPARNPHGIKF-UHFFFAOYSA-N,BrCCBr,-1.68,-1.79
H-104,"1,2-Dibromoethylene  ",InChI=1S/C2H2Br2/c3-1-2-4/h1-2H,UWTUEMKLYAGTNQ-UHFFFAOYSA-N,BrC=CBr,-1.32,-1.73
H-105,Dibromomethane  ,InChI=1S/CH2Br2/c2-1-3/h1H2,FJBFPHVGVWTDIP-UHFFFAOYSA-N,BrCBr,-1.17,-1.29
H-106,"1,3-Dibromopropane  ",InChI=1S/C3H6Br2/c4-2-1-3-5/h1-3H2,VEFLKXRACNJHOV-UHFFFAOYSA-N,BrCCCBr,-2.08,-2.45
H-107,"1,2-Dibromopropane  ","InChI=1S/C3H6Br2/c1-3(5)2-4/h3H,2H2,1H3",XFNJYAKDBJUJAJ-UHFFFAOYSA-N,CC(Br)CBr,-2.15,-2.29
H-108,Dibutyl ether  ,"InChI=1S/C8H18O/c1-3-5-7-9-8-6-4-2/h3-8H2,1-2H3",DURPTKYDGMDSBL-UHFFFAOYSA-N,CCCCOCCCC,-1.85,-2.9
H-109,Dibutylketone  ,"InChI=1S/C9H18O/c1-3-5-7-9(10)8-6-4-2/h3-8H2,1-2H3",WSGCRAOTEDLMFQ-UHFFFAOYSA-N,CCCCC(=O)CCCC,-2.59,-2.31
H-110,"2,3-DiChloro-2-methylbutane  ","InChI=1S/C5H10Cl2/c1-4(6)5(2,3)7/h4H,1-3H3",TXTORVZCRUFBBO-UHFFFAOYSA-N,CC(Cl)C(C)(C)Cl,-2.69,-3.05
H-111,"1,3-DiChloro-2-propanol  ","InChI=1S/C3H6Cl2O/c4-1-3(6)2-5/h3,6H,1-2H2",DEWLEGDTCGBNGU-UHFFFAOYSA-N,OC(CCl)CCl,-0.11,-0.46
H-112,"2,3-Dichloroanisole  ","InChI=1S/C7H6Cl2O/c1-10-6-4-2-3-5(8)7(6)9/h2-4H,1H3",HFEASCCDHUVYKU-UHFFFAOYSA-N,COC1=CC=CC(Cl)=C1Cl,-3.31,-3.26
H-113,"2,6-Dichloroanisole  ","InChI=1S/C7H6Cl2O/c1-10-7-5(8)3-2-4-6(7)9/h2-4H,1H3",KZLMCDNAVVJKPX-UHFFFAOYSA-N,COC1=C(Cl)C=CC=C1Cl,-3.1,-3.25
H-114,"1,2-Dichlorobenzene  ",InChI=1S/C6H4Cl2/c7-5-3-1-2-4-6(5)8/h1-4H,RFFLAFLAYFXFSW-UHFFFAOYSA-N,ClC1=CC=CC=C1Cl,-3.02,-3.05
H-115,"1,3-Dichlorobenzene  ",InChI=1S/C6H4Cl2/c7-5-2-1-3-6(8)4-5/h1-4H,ZPQOPVIELGIULI-UHFFFAOYSA-N,ClC1=CC=CC(Cl)=C1,-3.07,-3.06
H-116,"1,4-Dichlorobenzene  ",InChI=1S/C6H4Cl2/c7-5-1-2-6(8)4-3-5/h1-4H,OCJBOOLMMGQPQU-UHFFFAOYSA-N,ClC1=CC=C(Cl)C=C1,-3.31,-3.03
H-117,"2,4-Dichlorobiphenyl  ",InChI=1S/C12H8Cl2/c13-10-6-7-11(12(14)8-10)9-4-2-1-3-5-9/h1-8H,WEJZHZJJXPXXMU-UHFFFAOYSA-N,ClC1=CC=C(C2=CC=CC=C2)C(Cl)=C1,-5.25,-5.66
H-118,"4,4'-Dichlorobiphenyl  ",InChI=1S/C12H8Cl2/c13-11-5-1-9(2-6-11)10-3-7-12(14)8-4-10/h1-8H,YTBRNEUEFCNVHC-UHFFFAOYSA-N,ClC1=CC=C(C2=CC=C(Cl)C=C2)C=C1,-6.56,-5.59
H-119,"2,2'-Dichlorobiphenyl  ",InChI=1S/C12H8Cl2/c13-11-7-3-1-5-9(11)10-6-2-4-8-12(10)14/h1-8H,JAYCNKDKIKZTAF-UHFFFAOYSA-N,ClC1=CC=CC=C1C1=CC=CC=C1Cl,-5.27,-5.65
H-120,"2,5-Dichlorobiphenyl  ",InChI=1S/C12H8Cl2/c13-10-6-7-12(14)11(8-10)9-4-2-1-3-5-9/h1-8H,KKQWHYGECTYFIA-UHFFFAOYSA-N,ClC1=CC=C(Cl)C(C2=CC=CC=C2)=C1,-5.24,-5.62
H-121,"2,4'-Dichlorobiphenyl  ",InChI=1S/C12H8Cl2/c13-10-7-5-9(6-8-10)11-3-1-2-4-12(11)14/h1-8H,UFNIBRDIUNVOMX-UHFFFAOYSA-N,ClC1=CC=C(C2=C(Cl)C=CC=C2)C=C1,-5.28,-5.65
H-122,"3,3'-Dichlorobiphenyl  ",InChI=1S/C12H8Cl2/c13-11-5-1-3-9(7-11)10-4-2-6-12(14)8-10/h1-8H,KTXUOWUHFLBZPW-UHFFFAOYSA-N,ClC1=CC=CC(C2=CC(Cl)=CC=C2)=C1,-5.8,-5.62
H-123,"3,4-Dichlorobiphenyl  ",InChI=1S/C12H8Cl2/c13-11-7-6-10(8-12(11)14)9-4-2-1-3-5-9/h1-8H,ZGHQUYZPMWMLBM-UHFFFAOYSA-N,ClC1=CC=C(C2=CC=CC=C2)C=C1Cl,-6.39,-5.57
H-124,"2,6-Dichlorobiphenyl  ",InChI=1S/C12H8Cl2/c13-10-7-4-8-11(14)12(10)9-5-2-1-3-6-9/h1-8H,IYZWUWBAFUBNCH-UHFFFAOYSA-N,ClC1=CC=CC(Cl)=C1C1=CC=CC=C1,-5.21,-5.64
H-125,"1,1-Dichlorobutane  ","InChI=1S/C4H8Cl2/c1-2-3-4(5)6/h4H,2-3H2,1H3",SEQRDAAUNCRFIT-UHFFFAOYSA-N,CCCC(Cl)Cl,-2.4,-2.34
H-126,"2,3-Dichlorobutane  ","InChI=1S/C4H8Cl2/c1-3(5)4(2)6/h3-4H,1-2H3",RMISVOPUIFJTEO-UHFFFAOYSA-N,CC(Cl)C(C)Cl,-2.7,-2.23
H-127,"2,8-Dichlorodibenzofuran  ",InChI=1S/C12H6Cl2O/c13-7-1-3-11-9(5-7)10-6-8(14)2-4-12(10)15-11/h1-6H,IVVRJIDVYSPKFZ-UHFFFAOYSA-N,ClC1=CC=C2OC3=CC=C(Cl)C=C3C2=C1,-7.21,-4.42
H-128,"2,7-Dichlorodibenzo-p-dioxin  ",InChI=1S/C12H6Cl2O2/c13-7-1-3-9-11(5-7)16-10-4-2-8(14)6-12(10)15-9/h1-6H,NBFMTHWVRBOVPE-UHFFFAOYSA-N,ClC1=CC=C2OC3=CC(Cl)=CC=C3OC2=C1,-7.83,-4.56
H-129,"2,8-Dichlorodibenzo-p-dioxin  ",InChI=1S/C12H6Cl2O2/c13-7-1-3-9-11(5-7)16-12-6-8(14)2-4-10(12)15-9/h1-6H,WMWJCKBJUQDYLM-UHFFFAOYSA-N,ClC1=CC=C2OC3=CC=C(Cl)C=C3OC2=C1,-7.18,-4.56
H-130,Dichlorodifluoromethane  ,"InChI=1S/CCl2F2/c2-1(3,4)5",PXBRQCKWGAHEHS-UHFFFAOYSA-N,FC(F)(Cl)Cl,-1.99,-1.28
H-131,"2,6-Dichlorodiphenyl ether  ",InChI=1S/C12H8Cl2O/c13-10-7-4-8-11(14)12(10)15-9-5-2-1-3-6-9/h1-8H,IRLZOQDGEAEIPX-UHFFFAOYSA-N,ClC1=CC=CC(Cl)=C1OC1=CC=CC=C1,-5.06,-5.1
H-132,"2,4'-Dichlorodiphenyl ether  ",InChI=1S/C12H8Cl2O/c13-9-5-7-10(8-6-9)15-12-4-2-1-3-11(12)14/h1-8H,MWKULKMSBBSGTP-UHFFFAOYSA-N,ClC1=CC=C(OC2=C(Cl)C=CC=C2)C=C1,-5.52,-5.15
H-133,"1,1-Dichloroethane  ","InChI=1S/C2H4Cl2/c1-2(3)4/h2H,1H3",SCYULBFZEHDVBN-UHFFFAOYSA-N,CC(Cl)Cl,-1.29,-1.15
H-134,"1,2-Dichloroethane  ",InChI=1S/C2H4Cl2/c3-1-2-4/h1-2H2,WSLDOOZREJYCGB-UHFFFAOYSA-N,ClCCCl,-1.06,-1.22
H-135,"1,1-Dichloroethylene  ",InChI=1S/C2H2Cl2/c1-2(3)4/h1H2,LGXVIGDEPROXKC-UHFFFAOYSA-N,C=C(Cl)Cl,-1.64,-1.54
H-136,"1,2-Dichloroethylene  ",InChI=1S/C2H2Cl2/c3-1-2-4/h1-2H,KFUSEUYYWQURPO-UHFFFAOYSA-N,ClC=CCl,-1.3,-1.18
H-137,"2,2'-Dichloroethyl ether  ","InChI=1S/C4H6Cl4O/c5-3(6)1-9-2-4(7)8/h3-4H,1-2H2",SXQXMKMHOFIAHT-UHFFFAOYSA-N,ClC(Cl)COCC(Cl)Cl,-1.12,-2.62
H-138,Dichloromethane  ,InChI=1S/CH2Cl2/c2-1-3/h1H2,YMWUJEATGCHHMB-UHFFFAOYSA-N,ClCCl,-0.63,-0.69
H-139,"1,3-Dichloropropane  ",InChI=1S/C3H6Cl2/c4-2-1-3-5/h1-3H2,YHRUOJUYPBUZOS-UHFFFAOYSA-N,ClCCCCl,-1.62,-1.75
H-140,"1,2-Dichloropropane  ","InChI=1S/C3H6Cl2/c1-3(5)2-4/h3H,2H2,1H3",KNKRKFALVUDBJE-UHFFFAOYSA-N,CC(Cl)CCl,-1.6,-1.73
H-141,"4,5-Dichloroveratrole  ","InChI=1S/C8H8Cl2O2/c1-11-7-3-5(9)6(10)4-8(7)12-2/h3-4H,1-2H3",RJYXLZQZBLGBOM-UHFFFAOYSA-N,COC1=CC(Cl)=C(Cl)C=C1OC,-3.46,-3.54
H-142,"1,2-Diethoxyethane  ","InChI=1S/C6H14O2/c1-3-7-5-6-8-4-2/h3-6H2,1-2H3",LZDKZFUFMNSQCJ-UHFFFAOYSA-N,CCOCCOCC,-0.77,-0.59
H-143,"1,1-Diethoxyethane  ","InChI=1S/C6H14O2/c1-4-7-6(3)8-5-2/h6H,4-5H2,1-3H3",DHKHKXVYLBGOIT-UHFFFAOYSA-N,CCOC(C)OCC,-0.43,-0.64
H-144,"1,4-Diethylbenzene  ","InChI=1S/C10H14/c1-3-9-5-7-10(4-2)8-6-9/h5-8H,3-4H2,1-2H3",DSNHSQKRULAAEI-UHFFFAOYSA-N,CCC1=CC=C(CC)C=C1,-3.75,-3.85
H-145,Diethyl ether  ,"InChI=1S/C4H10O/c1-3-5-4-2/h3-4H2,1-2H3",RTZKZFJDLAIYFH-UHFFFAOYSA-N,CCOCC,-0.09,-0.28
H-146,Diethyl phthalate  ,"InChI=1S/C12H14O4/c1-3-15-11(13)9-7-5-6-8-10(9)12(14)16-4-2/h5-8H,3-4H2,1-2H3",FLKPEMZONWLCSK-UHFFFAOYSA-N,CCOC(=O)C1=CC=CC=C1C(=O)OCC,-2.35,-2.76
H-147,"1,4-Diiodobenzene  ",InChI=1S/C6H4I2/c7-5-1-2-6(8)4-3-5/h1-4H,LFMWZTSOMGDDJU-UHFFFAOYSA-N,IC1=CC=C(I)C=C1,-5.37,-3.89
H-148,"1,2-Diiodoethylene  ",InChI=1S/C2H2I2/c3-1-2-4/h1-2H,CVOGMKGEVNGRSK-UHFFFAOYSA-N,IC=CI,-3.22,-3.02
H-149,Diisobutyl phthalate  ,"InChI=1S/C16H22O4/c1-11(2)9-19-15(17)13-7-5-6-8-14(13)16(18)20-10-12(3)4/h5-8,11-12H,9-10H2,1-4H3",MGWAVDBGNNKXQV-UHFFFAOYSA-N,CC(C)COC(=O)C1=CC=CC=C1C(=O)OCC(C)C,-4.66,-4.16
H-150,Diisopropyl ether  ,"InChI=1S/C6H14O/c1-5(2)7-6(3)4/h5-6H,1-4H3",ZAFNJMIOTHYJRJ-UHFFFAOYSA-N,CC(C)OC(C)C,-1.1,-1.2
H-151,Diisopropylketone  ,"InChI=1S/C7H14O/c1-5(2)7(8)6(3)4/h5-6H,1-4H3",HXVNBWAKAOHACI-UHFFFAOYSA-N,CC(C)C(=O)C(C)C,-1.3,-1.2
H-152,"2,5-Dimethoxybenzaldehyde  ","InChI=1S/C9H10O3/c1-11-8-3-4-9(12-2)7(5-8)6-10/h3-6H,1-2H3",AFUKNJHPZAVHGQ-UHFFFAOYSA-N,COC1=CC=C(OC)C(C=O)=C1,-2.32,-2.06
H-153,Dimethoxymethane  ,"InChI=1S/C3H8O2/c1-4-3-5-2/h3H2,1-2H3",NKDDWNXOKDWJAK-UHFFFAOYSA-N,COCOC,0.48,0.61
H-154,"2,2-Dimethyl-1-Butanol  ","InChI=1S/C6H14O/c1-4-6(2,3)5-7/h7H,4-5H2,1-3H3",XRMVWAKMXZNZIL-UHFFFAOYSA-N,CCC(C)(C)CO,-1.04,-0.81
H-155,"3,3-Dimethyl-1-Butanol  ","InChI=1S/C6H14O/c1-6(2,3)4-5-7/h7H,4-5H2,1-3H3",DUXCSEISVMREAX-UHFFFAOYSA-N,CC(C)(C)CCO,-0.5,-0.95
H-156,"2,2-Dimethyl-1-pentanol  ","InChI=1S/C7H16O/c1-4-5-7(2,3)6-8/h8H,4-6H2,1-3H3",QTOMCRXZFDHJOL-UHFFFAOYSA-N,CCCC(C)(C)CO,-1.52,-1.38
H-157,"2,4-Dimethyl-1-pentanol  ","InChI=1S/C7H16O/c1-6(2)4-7(3)5-8/h6-8H,4-5H2,1-3H3",OVOVDHYEOQJKMD-UHFFFAOYSA-N,CC(C)CC(C)CO,-1.6,-1.29
H-158,"4,4-Dimethyl-1-pentanol  ","InChI=1S/C7H16O/c1-7(2,3)5-4-6-8/h8H,4-6H2,1-3H3",OWCNPTHAWPMOJU-UHFFFAOYSA-N,CC(C)(C)CCCO,-1.55,-1.5
H-159,"2,2-Dimethyl-1-pentanol  ","InChI=1S/C7H16O/c1-4-5-7(2,3)6-8/h8H,4-6H2,1-3H3",QTOMCRXZFDHJOL-UHFFFAOYSA-N,CCCC(C)(C)CO,-0.4,-1.38
H-160,"3,3-Dimethyl-2-Butanol  ","InChI=1S/C6H14O/c1-5(7)6(2,3)4/h5,7H,1-4H3",DFOXKPDFWGNLJU-UHFFFAOYSA-N,CC(O)C(C)(C)C,-0.62,-0.63
H-161,"2,3-Dimethyl-2-Butanol  ","InChI=1S/C6H14O/c1-5(2)6(3,4)7/h5,7H,1-4H3",IKECULIHBUCAKR-UHFFFAOYSA-N,CC(C)C(C)(C)O,-0.41,-0.51
H-162,"2,4-Dimethyl-2-pentanol  ","InChI=1S/C7H16O/c1-6(2)5-7(3,4)8/h6,8H,5H2,1-4H3",FMLSQAUAAGVTJO-UHFFFAOYSA-N,CC(C)CC(C)(C)O,-0.92,-1
H-163,"2,3-Dimethyl-2-pentanol  ","InChI=1S/C7H16O/c1-5-6(2)7(3,4)8/h6,8H,5H2,1-4H3",YRSIFCHKXFKNME-UHFFFAOYSA-N,CCC(C)C(C)(C)O,-0.89,-0.94
H-164,"2,2-Dimethyl-3-pentanol  ","InChI=1S/C7H16O/c1-5-6(8)7(2,3)4/h6,8H,5H2,1-4H3",HMSVXZJWPVIVIV-UHFFFAOYSA-N,CCC(O)C(C)(C)C,-1.15,-0.98
H-165,"2,4-Dimethyl-3-pentanol  ","InChI=1S/C7H16O/c1-5(2)7(8)6(3)4/h5-8H,1-4H3",BAYAKMPRFGNNFW-UHFFFAOYSA-N,CC(C)C(O)C(C)C,-1.22,-1.09
H-166,"2,3-Dimethyl-3-pentanol  ","InChI=1S/C7H16O/c1-5-7(4,8)6(2)3/h6,8H,5H2,1-4H3",RFZHJHSNHYIRNE-UHFFFAOYSA-N,CCC(C)(O)C(C)C,-0.85,-0.89
H-167,"N,N-Dimethylacetamide  ",InChI=1S/C4H9NO/c1-4(6)5(2)3/h1-3H3,FXHOOIRPVKKKFG-UHFFFAOYSA-N,CC(=O)N(C)C,1.11,0.93
H-168,"1,2-Dimethylbenzene  ","InChI=1S/C8H10/c1-7-5-3-4-6-8(7)2/h3-6H,1-2H3",CTQNGGLPUBDAKN-UHFFFAOYSA-N,CC1=CC=CC=C1C,-2.8,-2.71
H-169,"1,3-Dimethylbenzene  ","InChI=1S/C8H10/c1-7-4-3-5-8(2)6-7/h3-6H,1-2H3",IVSZLXZYQVIEFR-UHFFFAOYSA-N,CC1=CC=CC(C)=C1,-2.82,-2.72
H-170,"1,4-Dimethylbenzene  ","InChI=1S/C8H10/c1-7-3-5-8(2)6-4-7/h3-6H,1-2H3",URLKBWYHVLBVBO-UHFFFAOYSA-N,CC1=CC=C(C)C=C1,-2.77,-2.72
H-171,"2,2-Dimethylbutane  ","InChI=1S/C6H14/c1-5-6(2,3)4/h5H2,1-4H3",HNRMPXKDFBEGFZ-UHFFFAOYSA-N,CCC(C)(C)C,-3.55,-2.97
H-172,"2,3-Dimethylbutanol  ","InChI=1S/C6H14O/c1-5(2)6(3)4-7/h5-7H,4H2,1-3H3",SXSWMAUXEHKFGX-UHFFFAOYSA-N,CC(C)C(C)CO,-0.39,-0.96
H-173,"1,2-Dimethylcyclohexane  ","InChI=1S/C8H16/c1-7-5-3-4-6-8(7)2/h7-8H,3-6H2,1-2H3",KVZJLSYJROEPSQ-UHFFFAOYSA-N,CC1CCCCC1C,-4.3,-4.17
H-174,"1,4-Dimethylnaphthalene  ","InChI=1S/C12H12/c1-9-7-8-10(2)12-6-4-3-5-11(9)12/h3-8H,1-2H3",APQSQLNWAIULLK-UHFFFAOYSA-N,CC1=C2C=CC=CC2=C(C)C=C1,-4.14,-4.62
H-175,"2,4-Dimethylpentane  ","InChI=1S/C7H16/c1-6(2)5-7(3)4/h6-7H,5H2,1-4H3",BZHMBWZPUJHVEE-UHFFFAOYSA-N,CC(C)CC(C)C,-4.26,-3.61
H-176,Dimethyl phthalate  ,"InChI=1S/C10H10O4/c1-13-9(11)7-5-3-4-6-8(7)10(12)14-2/h3-6H,1-2H3",NIQCNGHVCWTJSM-UHFFFAOYSA-N,COC(=O)C1=CC=CC=C1C(=O)OC,-1.66,-2.25
H-177,Dimethyl terephthalate  ,"InChI=1S/C10H10O4/c1-13-9(11)7-3-5-8(6-4-7)10(12)14-2/h3-6H,1-2H3",WOZVHXUHUFLZGK-UHFFFAOYSA-N,COC(=O)C1=CC=C(C(=O)OC)C=C1,-4.01,-2.28
H-178,"1,4-Dipentadiene  ","InChI=1S/C10H14/c1-4-6-7-9-10(3)8-5-2/h4-9H,2H2,1,3H3",JXQNEJRKTHOCGQ-UHFFFAOYSA-N,C=CC=C(C)C=CC=CC,-2.09,-3.49
H-179,Diphenyl ether  ,InChI=1S/C12H10O/c1-3-7-11(8-4-1)13-12-9-5-2-6-10-12/h1-10H,USIUVYZYUHIAEV-UHFFFAOYSA-N,C1=CC=C(OC2=CC=CC=C2)C=C1,-3.91,-3.59
H-180,Diphenylmethane  ,"InChI=1S/C13H12/c1-3-7-12(8-4-1)11-13-9-5-2-6-10-13/h1-10H,11H2",CZZYITDELCSZES-UHFFFAOYSA-N,C1=CC=C(CC2=CC=CC=C2)C=C1,-4.08,-4.62
H-181,Dipropyl ether  ,"InChI=1S/C6H14O/c1-3-5-7-6-4-2/h3-6H2,1-2H3",POLCUAVZOMRGSN-UHFFFAOYSA-N,CCCOCCC,-1.62,-1.18
H-182,Enanthaldehyde  ,"InChI=1S/C7H14O/c1-2-3-4-5-6-7-8/h7H,2-6H2,1H3",FXHGMKSSBGDXIY-UHFFFAOYSA-N,CCCCCCC=O,-1.7,-1.93
H-183,Epichlorohydrin  ,"InChI=1S/C3H5ClO/c4-1-3-2-5-3/h3H,1-2H2",BRLQWZUYTZBJKN-UHFFFAOYSA-N,ClCC1CO1,-0.15,-0.11
H-184,4-Ethoxy-3-methoxybenzaldehyde  ,"InChI=1S/C10H12O3/c1-3-13-9-5-4-8(7-11)6-10(9)12-2/h4-7H,3H2,1-2H3",BERFDQAMXIBOHM-UHFFFAOYSA-N,CCOC1=CC=C(C=O)C=C1OC,-2.19,-2.43
H-185,3-Ethoxy-4-hydroxybenzaldehyde  ,"InChI=1S/C9H10O3/c1-2-12-9-5-7(6-10)3-4-8(9)11/h3-6,11H,2H2,1H3",CBOQJANXLMLOSS-UHFFFAOYSA-N,CCOC1=CC(C=O)=CC=C1O,-1.77,-1.79
H-186,2-Ethyl-1-Butanol  ,"InChI=1S/C6H14O/c1-3-6(4-2)5-7/h6-7H,3-5H2,1-2H3",TZYRSLHNPKPEFV-UHFFFAOYSA-N,CCC(CC)CO,-1.17,-0.92
H-187,2-Ethyl-1-Hexanol  ,"InChI=1S/C8H18O/c1-3-5-6-8(4-2)7-9/h8-9H,3-7H2,1-2H3",YIWUKEYIRIRTPP-UHFFFAOYSA-N,CCCCC(CC)CO,-2.11,-2.21
H-188,1-Ethyl-2-methylbenzene  ,"InChI=1S/C9H12/c1-3-9-7-5-4-6-8(9)2/h4-7H,3H2,1-2H3",HYFLWBNQFMXCPA-UHFFFAOYSA-N,CCC1=CC=CC=C1C,-3.21,-3.33
H-189,2-Ehyl-2-propanol  ,"InChI=1S/C5H12O/c1-4-5(2,3)6/h6H,4H2,1-3H3",MSXVEPNJUHWQHW-UHFFFAOYSA-N,CCC(C)(C)O,0.08,-0.2
H-190,3-ethyl-3-pentanol  ,"InChI=1S/C7H16O/c1-4-7(8,5-2)6-3/h8H,4-6H2,1-3H3",XKIRHOWVQWCYBT-UHFFFAOYSA-N,CCC(O)(CC)CC,-0.85,-0.98
H-191,1-Ethyl-4-methylbenzene  ,"InChI=1S/C9H12/c1-3-9-6-4-8(2)5-7-9/h4-7H,3H2,1-2H3",JRLPEMVDPFPYPJ-UHFFFAOYSA-N,CCC1=CC=C(C)C=C1,-3.11,-3.36
H-192,Ethyl acetate  ,"InChI=1S/C4H8O2/c1-3-6-4(2)5/h3H2,1-2H3",XEKOWRVHYACXOJ-UHFFFAOYSA-N,CCOC(C)=O,-0.04,0.14
H-193,Ethyl acrylate  ,"InChI=1S/C5H8O2/c1-3-5(6)7-4-2/h3H,1,4H2,2H3",JIGUQPWFLRLWPJ-UHFFFAOYSA-N,C=CC(=O)OCC,-0.74,-0.41
H-194,Ethyl benzoate  ,"InChI=1S/C9H10O2/c1-2-11-9(10)8-6-4-3-5-7-8/h3-7H,2H2,1H3",MTZQAGJQAFMTAQ-UHFFFAOYSA-N,CCOC(=O)C1=CC=CC=C1,-2.32,-2.26
H-195,Ethyl butyrate  ,"InChI=1S/C6H12O2/c1-3-5-6(7)8-4-2/h3-5H2,1-2H3",OBNCKNCVKJNDBV-UHFFFAOYSA-N,CCCC(=O)OCC,-1.28,-0.99
H-196,Ethyl caprylate  ,"InChI=1S/C10H20O2/c1-3-5-6-7-8-9-10(11)12-4-2/h3-9H2,1-2H3",YYZUSRORWSJGET-UHFFFAOYSA-N,CCCCCCCC(=O)OCC,-3.39,-3.33
H-197,Ethylenedichloride  ,InChI=1S/C2H4Cl2/c3-1-2-4/h1-2H2,WSLDOOZREJYCGB-UHFFFAOYSA-N,ClCCCl,-1.08,-1.22
H-198,Ethylene glycol  ,"InChI=1S/C2H6O2/c3-1-2-4/h3-4H,1-2H2",LYCAIKOWRPUZTN-UHFFFAOYSA-N,OCCO,0.08,1.18
H-199,Ethyl formate  ,"InChI=1S/C3H6O2/c1-2-5-3-4/h3H,2H2,1H3",WBJINCZRORDGAQ-UHFFFAOYSA-N,CCOC=O,0.15,0.61
H-200,Ethyl heptylate  ,"InChI=1S/C9H18O2/c1-3-5-6-7-8-9(10)11-4-2/h3-8H2,1-2H3",TVQGDYNRXLTQAP-UHFFFAOYSA-N,CCCCCCC(=O)OCC,-2.71,-2.72
H-201,Ethyl isopropyl ether  ,"InChI=1S/C5H12O/c1-4-6-5(2)3/h5H,4H2,1-3H3",XSJVWZAETSBXKU-UHFFFAOYSA-N,CCOC(C)C,-0.55,-0.64
H-202,Ethyl pelargonate  ,"InChI=1S/C11H22O2/c1-3-5-6-7-8-9-10-11(12)13-4-2/h3-10H2,1-2H3",BYEVBITUADOIGY-UHFFFAOYSA-N,CCCCCCCCC(=O)OCC,-3.8,-3.86
H-203,Ethyl propionate  ,"InChI=1S/C5H10O2/c1-3-5(6)7-4-2/h3-4H2,1-2H3",FKRCODPIKNYEAC-UHFFFAOYSA-N,CCOC(=O)CC,-0.66,-0.38
H-204,Ethyl propyl ether  ,"InChI=1S/C5H12O/c1-3-5-6-4-2/h3-5H2,1-2H3",NVJUHMXYKCUMQA-UHFFFAOYSA-N,CCCOCC,-0.66,-0.75
H-205,Ethyl valerate  ,"InChI=1S/C7H14O2/c1-3-5-6-7(8)9-4-2/h3-6H2,1-2H3",ICMAFTSLXCXHRK-UHFFFAOYSA-N,CCCCC(=O)OCC,-1.75,-1.55
H-206,Ethyl vinyl ether  ,"InChI=1S/C4H8O/c1-3-5-4-2/h3H,1,4H2,2H3",FJKIXWOMBXYWOQ-UHFFFAOYSA-N,C=COCC,-0.85,-0.76
H-207,Fluoranthene  ,InChI=1S/C16H10/c1-2-8-13-12(7-1)14-9-3-5-11-6-4-10-15(13)16(11)14/h1-10H,GVEPBJHOBDJJJI-UHFFFAOYSA-N,C1=CC=C2C(=C1)C1=CC=CC3=CC=CC2=C31,-5.92,-6.3
H-208,Fluorene  ,"InChI=1S/C13H10/c1-3-7-12-10(5-1)9-11-6-2-4-8-13(11)12/h1-8H,9H2",NIHNNTQXNPWCJQ-UHFFFAOYSA-N,C1=CC2=C(C=C1)C1=C(C=CC=C1)C2,-5,-4.82
H-209,1-Fluoro-4-iodobenzene  ,InChI=1S/C6H4FI/c7-5-1-3-6(8)4-2-5/h1-4H,KGNQDBQYEBMPFZ-UHFFFAOYSA-N,FC1=CC=C(I)C=C1,-3.13,-3.14
H-210,Flurobenzene  ,InChI=1S/C6H5F/c7-6-4-2-1-3-5-6/h1-5H,PYLWMHQQBFSUBP-UHFFFAOYSA-N,FC1=CC=CC=C1,-1.8,-1.41
H-211,Furan  ,InChI=1S/C4H4O/c1-2-4-5-3-1/h1-4H,YLQBMQCUIZJEEH-UHFFFAOYSA-N,C1=COC=C1,-0.82,-0.63
H-212,Furfural  ,InChI=1S/C5H4O2/c6-4-5-2-1-3-7-5/h1-4H,HYBBIBNJHNGZAN-UHFFFAOYSA-N,O=CC1=CC=CO1,-0.1,-0.79
H-213,"2,2',3,4,4',5',6-Heptachlorobiphenyl  ",InChI=1S/C12H3Cl7/c13-5-2-7(15)6(14)1-4(5)10-8(16)3-9(17)11(18)12(10)19/h1-3H,KQBFUDNJKCZEDQ-UHFFFAOYSA-N,ClC1=CC(Cl)=C(Cl)C=C1C1=C(Cl)C=C(Cl)C(Cl)=C1Cl,-7.92,-8.77
H-214,"2,2',3,3',4,4',6-Heptachlorobiphenyl  ",InChI=1S/C12H3Cl7/c13-5-2-1-4(9(16)10(5)17)8-6(14)3-7(15)11(18)12(8)19/h1-3H,TZMHVHLTPWKZCI-UHFFFAOYSA-N,ClC1=CC=C(C2=C(Cl)C=C(Cl)C(Cl)=C2Cl)C(Cl)=C1Cl,-8.3,-8.77
H-215,"2,2',3,4',5,5',6-Heptachlorobiphenyl  ",InChI=1S/C12H3Cl7/c13-5-2-7(15)6(14)1-4(5)10-11(18)8(16)3-9(17)12(10)19/h1-3H,UDMZPLROONOSEF-UHFFFAOYSA-N,ClC1=CC(Cl)=C(Cl)C=C1C1=C(Cl)C(Cl)=CC(Cl)=C1Cl,-8.94,-8.77
H-216,"1,2,3,4,6,7,8-Heptachlorodibenzofuran  ",InChI=1S/C12HCl7O/c13-3-1-2-4-6(15)7(16)8(17)10(19)12(4)20-11(2)9(18)5(3)14/h1H,WDMKCPIVJOGHBF-UHFFFAOYSA-N,ClC1=C(Cl)C(Cl)=C2OC3=C(Cl)C(Cl)=C(Cl)C(Cl)=C3C2=C1,-11.48,-5.58
H-217,"1,2,3,4,6,7,8-Heptachlorodibenzo-p-dioxin  ",InChI=1S/C12HCl7O2/c13-2-1-3-10(7(17)4(2)14)21-12-9(19)6(16)5(15)8(18)11(12)20-3/h1H,WCLNVRQZUKYVAI-UHFFFAOYSA-N,ClC1=C(Cl)C(Cl)=C2OC3=C(Cl)C(Cl)=C(Cl)C(Cl)=C3OC2=C1,-11.25,-7.53
H-218,"2,3,3',4,4',5,6-Heptachlorodiphenyl ether  ",InChI=1S/C12H3Cl7O/c13-5-2-1-4(3-6(5)14)20-12-10(18)8(16)7(15)9(17)11(12)19/h1-3H,QLSBRXLSQINWHM-UHFFFAOYSA-N,ClC1=CC=C(OC2=C(Cl)C(Cl)=C(Cl)C(Cl)=C2Cl)C=C1Cl,-9.46,-8.5
H-219,"2,2',3,3',4,4',5-Heptachlorodiphenyl ether  ",InChI=1S/C12H3Cl7O/c13-4-1-2-6(10(17)8(4)15)20-7-3-5(14)9(16)12(19)11(7)18/h1-3H,BLBURLWSCHSPIS-UHFFFAOYSA-N,ClC1=CC=C(OC2=CC(Cl)=C(Cl)C(Cl)=C2Cl)C(Cl)=C1Cl,-9.12,-8.5
H-220,"2,2',3,4,4',5,5'-Heptachlorodiphenyl ether  ",InChI=1S/C12H3Cl7O/c13-4-1-6(15)8(2-5(4)14)20-9-3-7(16)10(17)12(19)11(9)18/h1-3H,YBYYCWMPXZRBNJ-UHFFFAOYSA-N,ClC1=CC(Cl)=C(Cl)C=C1OC1=CC(Cl)=C(Cl)C(Cl)=C1Cl,-9.5,-8.46
H-221,"2,2',3,3',4',5,6-Heptachlorodiphenyl ether  ",InChI=1S/C12H3Cl7O/c13-4-1-2-7(11(19)8(4)16)20-12-9(17)5(14)3-6(15)10(12)18/h1-3H,RXPQVFMDOJTCKE-UHFFFAOYSA-N,ClC1=CC=C(OC2=C(Cl)C(Cl)=CC(Cl)=C2Cl)C(Cl)=C1Cl,-9.09,-8.45
H-222,"2,2',3,4',5,5',6-Heptachlorodiphenyl ether  ",InChI=1S/C12H3Cl7O/c13-4-1-6(15)9(3-5(4)14)20-12-10(18)7(16)2-8(17)11(12)19/h1-3H,BHJCMMGUFRZLKK-UHFFFAOYSA-N,ClC1=CC(Cl)=C(Cl)C=C1OC1=C(Cl)C(Cl)=CC(Cl)=C1Cl,-9.05,-8.43
H-223,Heptane  ,"InChI=1S/C7H16/c1-3-5-7-6-4-2/h3-7H2,1-2H3",IMNFDUFMRHMDMM-UHFFFAOYSA-N,CCCCCCC,-4.53,-4.05
H-224,1-Heptanol  ,"InChI=1S/C7H16O/c1-2-3-4-5-6-7-8/h8H,2-7H2,1H3",BBMCTIGTTCKYKF-UHFFFAOYSA-N,CCCCCCCO,-1.81,-1.7
H-225,2-Heptanol  ,"InChI=1S/C7H16O/c1-3-4-5-6-7(2)8/h7-8H,3-6H2,1-2H3",CETWDUZRCINIHU-UHFFFAOYSA-N,CCCCCC(C)O,-1.55,-1.41
H-226,3-Heptanol  ,"InChI=1S/C7H16O/c1-3-5-6-7(8)4-2/h7-8H,3-6H2,1-2H3",RZKSECIXORKHQS-UHFFFAOYSA-N,CCCCC(O)CC,-1.47,-1.29
H-227,4-Heptanol  ,"InChI=1S/C7H16O/c1-3-5-7(8)6-4-2/h7-8H,3-6H2,1-2H3",YVBCULSIZWMTFY-UHFFFAOYSA-N,CCCC(O)CCC,-1.4,-1.26
H-228,trans-2-Heptene  ,"InChI=1S/C7H14/c1-3-5-7-6-4-2/h3,5H,4,6-7H2,1-2H3",OTTZHAVKAVGASB-UHFFFAOYSA-N,CC=CCCCC,-3.82,-3.67
H-229,1-Heptyne  ,"InChI=1S/C7H12/c1-3-5-7-6-4-2/h1H,4-7H2,2H3",YVXHZKKCZYLQOP-UHFFFAOYSA-N,C#CCCCCC,-3.01,-3.03
H-230,"HexaChloro-1,3-Butadiene  ",InChI=1S/C4Cl6/c5-1(3(7)8)2(6)4(9)10,RWNKSTSCBHKHTB-UHFFFAOYSA-N,ClC(Cl)=C(Cl)C(Cl)=C(Cl)Cl,-4.92,-5.61
H-231,Hexachlorobenzene  ,InChI=1S/C6Cl6/c7-1-2(8)4(10)6(12)5(11)3(1)9,CKAPSXZOOQJIBF-UHFFFAOYSA-N,ClC1=C(Cl)C(Cl)=C(Cl)C(Cl)=C1Cl,-7.56,-6.16
H-232,"2,2',4,4',5,5'-Hexachlorobiphenyl  ",InChI=1S/C12H4Cl6/c13-5-1-7(11(17)9(15)3-5)8-2-6(14)4-10(16)12(8)18/h1-4H,AJKLKINFZLWHQE-UHFFFAOYSA-N,ClC1=CC(Cl)=C(Cl)C(C2=CC(Cl)=CC(Cl)=C2Cl)=C1,-8.56,-8.21
H-233,"2,2',3,3',6,6'-Hexachlorobiphenyl  ",InChI=1S/C12H4Cl6/c13-5-1-3-7(15)11(17)9(5)10-6(14)2-4-8(16)12(10)18/h1-4H,FZFUUSROAHKTTF-UHFFFAOYSA-N,ClC1=C(Cl)C(C2=C(Cl)C=CC(Cl)=C2Cl)=C(Cl)C=C1,-8.65,-8.29
H-234,"2,2',3,3',5,5'-Hexachlorobiphenyl  ",InChI=1S/C12H4Cl6/c13-5-1-7(11(17)9(15)3-5)8-2-6(14)4-10(16)12(8)18/h1-4H,AJKLKINFZLWHQE-UHFFFAOYSA-N,ClC1=CC(C2=C(Cl)C(Cl)=CC(Cl)=C2)=C(Cl)C(Cl)=C1,-6.96,-8.21
H-235,"2,2',4,4',6,6'-Hexachlorobiphenyl  ",InChI=1S/C12H4Cl6/c13-5-1-7(15)11(8(16)2-5)12-9(17)3-6(14)4-10(12)18/h1-4H,ICOAEPDGFWLUTI-UHFFFAOYSA-N,ClC1=CC(Cl)=C(C2=C(Cl)C=C(Cl)C=C2Cl)C(Cl)=C1,-8.71,-8.18
H-236,"2,2',3,3',4,4'-Hexachlorobiphenyl  ",InChI=1S/C12H4Cl6/c13-7-3-1-5(9(15)11(7)17)6-2-4-8(14)12(18)10(6)16/h1-4H,BTAGRXWGMYTPBY-UHFFFAOYSA-N,ClC1=CC=C(C2=CC=C(Cl)C(Cl)=C2Cl)C(Cl)=C1Cl,-9.01,-8.33
H-237,"2,2',3,3',4,5-Hexachlorobiphenyl  ",InChI=1S/C12H4Cl6/c13-7-3-1-2-5(9(7)15)6-4-8(14)11(17)12(18)10(6)16/h1-4H,VQQKIXKPMJTUMP-UHFFFAOYSA-N,ClC1=C(Cl)C(C2=CC(Cl)=C(Cl)C(Cl)=C2Cl)=CC=C1,-8.78,-8.32
H-238,"2,2',3,4,4',5'-Hexachlorobiphenyl  ",InChI=1S/C12H4Cl6/c13-5-1-2-6(8(14)3-5)7-4-9(15)11(17)12(18)10(7)16/h1-4H,CKLLRBPBZLTGDJ-UHFFFAOYSA-N,ClC1=CC=C(C2=CC(Cl)=C(Cl)C(Cl)=C2Cl)C(Cl)=C1,-8.32,-8.22
H-239,"2,2',3,4,5,5'-Hexachlorobiphenyl  ",InChI=1S/C12H4Cl6/c13-5-1-2-8(14)6(3-5)7-4-9(15)11(17)12(18)10(7)16/h1-4H,UCLKLGIYGBLTSM-UHFFFAOYSA-N,ClC1=CC=C(Cl)C(C2=CC(Cl)=C(Cl)C(Cl)=C2Cl)=C1,-7.68,-8.34
H-240,"2,2',3,5,5',6-Hexachlorobiphenyl  ",InChI=1S/C12H4Cl6/c13-5-1-2-7(14)6(3-5)10-11(17)8(15)4-9(16)12(10)18/h1-4H,UHCLFIWDCYOTOL-UHFFFAOYSA-N,ClC1=CC=C(Cl)C(C2=C(Cl)C(Cl)=CC(Cl)=C2Cl)=C1,-7.42,-8.35
H-241,"2,3,3',4,4',5-Hexachlorobiphenyl  ",InChI=1S/C12H4Cl6/c13-7-2-1-5(3-8(7)14)6-4-9(15)11(17)12(18)10(6)16/h1-4H,LCXMEXLGMKFLQO-UHFFFAOYSA-N,ClC1=CC=C(C2=CC(Cl)=C(Cl)C(Cl)=C2Cl)C=C1Cl,-7.82,-8.33
H-242,"2,3,3',4,4',6-Hexachlorobiphenyl  ",InChI=1S/C12H4Cl6/c13-6-2-1-5(3-7(6)14)10-8(15)4-9(16)11(17)12(10)18/h1-4H,ZQUPQXINXTWCQR-UHFFFAOYSA-N,ClC1=CC=C(C2=C(Cl)C=C(Cl)C(Cl)=C2Cl)C=C1Cl,-7.66,-8.25
H-243,"2,2',3,3',5,6-Hexachlorobiphenyl  ",InChI=1S/C12H4Cl6/c13-6-3-1-2-5(10(6)16)9-11(17)7(14)4-8(15)12(9)18/h1-4H,RVWLHPJFOKUPNM-UHFFFAOYSA-N,ClC1=CC(Cl)=C(Cl)C(C2=CC=CC(Cl)=C2Cl)=C1Cl,-7.9,-8.31
H-244,"1,2,3,6,7,8-Hexachlorodibenzofuran  ",InChI=1S/C12H2Cl6O/c13-4-1-3-7-6(2-5(14)8(15)10(7)17)19-12(3)11(18)9(4)16/h1-2H,JEYJJJXOFWNEHN-UHFFFAOYSA-N,ClC1=C(Cl)C(Cl)=C2OC3=CC(Cl)=C(Cl)C(Cl)=C3C2=C1,-10.33,-5.42
H-245,"1,2,3,4,7,8-Hexachlorodibenzofuran  ",InChI=1S/C12H2Cl6O/c13-4-1-3-6(2-5(4)14)19-12-7(3)8(15)9(16)10(17)11(12)18/h1-2H,LVYBAQIVPKCOEE-UHFFFAOYSA-N,ClC1=C(Cl)C=C2C(=C1)OC1=C(Cl)C(Cl)=C(Cl)C(Cl)=C21,-10.66,-5.42
H-246,"1,2,3,4,7,8-Hexachlorodibenzo-p-dioxin  ",InChI=1S/C12H2Cl6O2/c13-3-1-5-6(2-4(3)14)20-12-10(18)8(16)7(15)9(17)11(12)19-5/h1-2H,WCYYQNSQJHPVMG-UHFFFAOYSA-N,ClC1=C(Cl)C=C2OC3=C(Cl)C(Cl)=C(Cl)C(Cl)=C3OC2=C1,-9.95,-6.83
H-247,"2,2',3,3',4,4'-Hexachlorodiphenyl ether  ",InChI=1S/C12H4Cl6O/c13-5-1-3-7(11(17)9(5)15)19-8-4-2-6(14)10(16)12(8)18/h1-4H,ATIMVMORQPKRPC-UHFFFAOYSA-N,ClC1=CC=C(OC2=CC=C(Cl)C(Cl)=C2Cl)C(Cl)=C1Cl,-8.14,-7.75
H-248,"2,2',3,4,4',6'-Hexachlorodiphenyl ether  ",InChI=1S/C12H4Cl6O/c13-5-3-7(15)12(8(16)4-5)19-9-2-1-6(14)10(17)11(9)18/h1-4H,XDAOZRZWYVKIAK-UHFFFAOYSA-N,ClC1=CC(Cl)=C(OC2=CC=C(Cl)C(Cl)=C2Cl)C(Cl)=C1,-8.1,-7.74
H-249,"2,2',3,4,4',5'-Hexachlorodiphenyl ether  ",InChI=1S/C12H4Cl6O/c13-5-1-2-9(12(18)11(5)17)19-10-4-7(15)6(14)3-8(10)16/h1-4H,PHSJJYZIFPWCLZ-UHFFFAOYSA-N,ClC1=CC(Cl)=C(Cl)C=C1OC1=CC=C(Cl)C(Cl)=C1Cl,-8.31,-7.72
H-250,"2,2',4,4',5,5'-Hexachlorodiphenyl ether  ",InChI=1S/C12H4Cl6O/c13-5-1-9(17)11(3-7(5)15)19-12-4-8(16)6(14)2-10(12)18/h1-4H,PECXRRMHOQBOIE-UHFFFAOYSA-N,ClC1=CC(Cl)=C(Cl)C=C1OC1=CC(Cl)=C(Cl)C=C1Cl,-8.36,-7.71
H-251,"2,2',4,4',5,6'-Hexachlorodiphenyl ether  ",InChI=1S/C12H4Cl6O/c13-5-1-9(17)12(10(18)2-5)19-11-4-7(15)6(14)3-8(11)16/h1-4H,XKQUAQGQLZDDBV-UHFFFAOYSA-N,ClC1=CC(Cl)=C(OC2=CC(Cl)=C(Cl)C=C2Cl)C(Cl)=C1,-8.04,-7.71
H-252,"2,3',4,4',5,5'-Hexachlorodiphenyl ether  ",InChI=1S/C12H4Cl6O/c13-6-3-8(15)11(4-7(6)14)19-5-1-9(16)12(18)10(17)2-5/h1-4H,DYSUSQZPGJXVAL-UHFFFAOYSA-N,ClC1=CC(Cl)=C(Cl)C=C1OC1=CC(Cl)=C(Cl)C(Cl)=C1,-8.72,-7.71
H-253,"2,2',3',4,4',5-Hexachlorodiphenyl ether  ",InChI=1S/C12H4Cl6O/c13-5-1-2-9(12(18)11(5)17)19-10-4-7(15)6(14)3-8(10)16/h1-4H,PHSJJYZIFPWCLZ-UHFFFAOYSA-N,ClC1=CC(Cl)=C(OC2=C(Cl)C(Cl)=C(Cl)C=C2)C=C1Cl,-8.44,-7.72
H-254,"2,3,3',4,4',5-Hexachlorodiphenyl ether  ",InChI=1S/C12H4Cl6O/c13-6-2-1-5(3-7(6)14)19-9-4-8(15)10(16)12(18)11(9)17/h1-4H,GHTWMHLFFDEYRE-UHFFFAOYSA-N,ClC1=CC=C(OC2=CC(Cl)=C(Cl)C(Cl)=C2Cl)C=C1Cl,-8.78,-7.73
H-255,"2,3,4,4',5,6-Hexachlorodiphenyl ether  ",InChI=1S/C12H4Cl6O/c13-5-1-3-6(4-2-5)19-12-10(17)8(15)7(14)9(16)11(12)18/h1-4H,MXDRLBNLTLOWGV-UHFFFAOYSA-N,ClC1=CC=C(OC2=C(Cl)C(Cl)=C(Cl)C(Cl)=C2Cl)C=C1,-8.94,-7.76
H-256,Hexachloroethane  ,"InChI=1S/C2Cl6/c3-1(4,5)2(6,7)8",VHHHONWQHHHLTI-UHFFFAOYSA-N,ClC(Cl)(Cl)C(Cl)(Cl)Cl,-3.67,-3.62
H-257,"1,5-Hexadiene  ","InChI=1S/C6H10/c1-3-5-6-4-2/h3-4H,1-2,5-6H2",PYGSKMBEVAICCR-UHFFFAOYSA-N,C=CCCC=C,-2.68,-2.83
H-258,Hexane  ,"InChI=1S/C6H14/c1-3-5-6-4-2/h3-6H2,1-2H3",VLKZOEOYAKHREP-UHFFFAOYSA-N,CCCCCC,-3.84,-3.41
H-259,1-Hexanol  ,"InChI=1S/C6H14O/c1-2-3-4-5-6-7/h7H,2-6H2,1H3",ZSIAUFGUXNUGDI-UHFFFAOYSA-N,CCCCCCO,-1.24,-1.09
H-260,2-Hexanol  ,"InChI=1S/C6H14O/c1-3-4-5-6(2)7/h6-7H,3-5H2,1-2H3",QNVRIHYSUZMSGM-UHFFFAOYSA-N,CCCCC(C)O,-0.89,-0.77
H-261,3-Hexanol  ,"InChI=1S/C6H14O/c1-3-5-6(7)4-2/h6-7H,3-5H2,1-2H3",ZOCHHNOQQHDWHG-UHFFFAOYSA-N,CCCC(O)CC,-0.8,-0.7
H-262,1-Hexene  ,"InChI=1S/C6H12/c1-3-5-6-4-2/h3H,1,4-6H2,2H3",LIKMAJRDDDTEIG-UHFFFAOYSA-N,C=CCCCC,-3.23,-3.19
H-263,Hexyl acetate  ,"InChI=1S/C8H16O2/c1-3-4-5-6-7-10-8(2)9/h3-7H2,1-2H3",AOGQPLXWSUTHQB-UHFFFAOYSA-N,CCCCCCOC(C)=O,-2.46,-2.5
H-264,Hexyl benzene  ,"InChI=1S/C12H18/c1-2-3-4-6-9-12-10-7-5-8-11-12/h5,7-8,10-11H,2-4,6,9H2,1H3",LTEQMZWBSYACLV-UHFFFAOYSA-N,CCCCCCC1=CC=CC=C1,-5.21,-5.25
H-265,1-Hexyne  ,"InChI=1S/C6H10/c1-3-5-6-4-2/h1H,4-6H2,2H3",CGHIBGNXEGJPQZ-UHFFFAOYSA-N,C#CCCCC,-2.36,-2.72
H-266,Hydrocortisone  ,"InChI=1S/C21H30O5/c1-19-7-5-13(23)9-12(19)3-4-14-15-6-8-21(26,17(25)11-22)20(15,2)10-16(24)18(14)19/h9,14-16,18,22,24,26H,3-8,10-11H2,1-2H3",JYGXADMDTFJGBT-UHFFFAOYSA-N,CC12CCC(=O)C=C1CCC1C2C(O)CC2(C)C1CCC2(O)C(=O)CO,-3.09,-3.26
H-267,p-Hydroxybenzaldehyde  ,"InChI=1S/C7H6O2/c8-5-6-1-3-7(9)4-2-6/h1-5,9H",RGHHSNMVTDWUBI-UHFFFAOYSA-N,O=CC1=CC=C(O)C=C1,-0.96,-1.11
H-268,11-a-Hydroxyprogesterone  ,"InChI=1S/C21H30O3/c1-12(22)16-6-7-17-15-5-4-13-10-14(23)11-19(24)21(13,3)18(15)8-9-20(16,17)2/h10,15-19,24H,4-9,11H2,1-3H3",AARNXMRADQFOEB-UHFFFAOYSA-N,CC(=O)C1CCC2C3CCC4=CC(=O)CC(O)C4(C)C3CCC12C,-3.82,-3.98
H-269,Indane  ,"InChI=1S/C9H10/c1-2-5-9-7-3-6-8(9)4-1/h1-2,4-5H,3,6-7H2",PQNFLJBBNBOBRQ-UHFFFAOYSA-N,C1=CC2=C(C=C1)CCC2,-3.03,-3.15
H-270,Iodobenzene  ,InChI=1S/C6H5I/c7-6-4-2-1-3-5-6/h1-5H,SNHMUERNLJLMHN-UHFFFAOYSA-N,IC1=CC=CC=C1,-3.04,-3.15
H-271,1-Iodobutane  ,"InChI=1S/C4H9I/c1-2-3-4-5/h2-4H2,1H3",KMGBZBJJOKUPIA-UHFFFAOYSA-N,CCCCI,-2.96,-2.69
H-272,Iodoethane  ,"InChI=1S/C2H5I/c1-2-3/h2H2,1H3",HVTICUPFWKNHNG-UHFFFAOYSA-N,CCI,-1.6,-1.51
H-273,Iodomethane  ,InChI=1S/CH3I/c1-2/h1H3,INQOMBQAUSQDDS-UHFFFAOYSA-N,CI,-1,-1.12
H-274,1-Iodopropane  ,"InChI=1S/C3H7I/c1-2-3-4/h2-3H2,1H3",PVWOIHVRPOBWPI-UHFFFAOYSA-N,CCCI,-2.29,-1.95
H-275,2-Iodopropane  ,"InChI=1S/C3H7I/c1-3(2)4/h3H,1-2H3",FMKOJHQHASLBPH-UHFFFAOYSA-N,CC(C)I,-2.09,-1.95
H-276,Isobutyl acetate  ,"InChI=1S/C6H12O2/c1-5(2)4-8-6(3)7/h5H,4H2,1-3H3",GJRQTCIYDGXPES-UHFFFAOYSA-N,CC(=O)OCC(C)C,-1.21,-1.18
H-277,Isobutyl formate  ,"InChI=1S/C5H10O2/c1-5(2)3-7-4-6/h4-5H,3H2,1-2H3",AVMSWPWPYJVYKY-UHFFFAOYSA-N,CC(C)COC=O,-1.01,-0.61
H-278,Isopentanol  ,"InChI=1S/C5H12O/c1-5(2)3-4-6/h5-6H,3-4H2,1-2H3",PHTQWCKDNZKARW-UHFFFAOYSA-N,CC(C)CCO,-0.52,-0.37
H-279,Isopropyl acetate  ,"InChI=1S/C5H10O2/c1-4(2)7-5(3)6/h4H,1-3H3",JMMWKPVZQRWMSS-UHFFFAOYSA-N,CC(=O)OC(C)C,-0.55,-0.5
H-280,p-Isopropyltoluene  ,"InChI=1S/C10H14/c1-8(2)10-6-4-9(3)5-7-10/h4-8H,1-3H3",HFPZCAJZSCWRBC-UHFFFAOYSA-N,CC1=CC=C(C(C)C)C=C1,-3.77,-3.9
H-281,Malathion  ,"InChI=1S/C10H19O6PS2/c1-5-15-9(11)7-8(10(12)16-6-2)19-17(18,13-3)14-4/h8H,5-7H2,1-4H3",JXSJBGJIGXNWCI-UHFFFAOYSA-N,CCOC(=O)CC(SP(=S)(OC)OC)C(=O)OCC,-3.36,-3.3
H-282,Malonicaciddiethylester  ,"InChI=1S/C7H12O4/c1-3-10-6(8)5-7(9)11-4-2/h3-5H2,1-2H3",IYXGSMUGOJNHAZ-UHFFFAOYSA-N,CCOC(=O)CC(=O)OCC,-0.82,-0.82
H-283,Menthol  ,"InChI=1S/C10H20O/c1-7(2)9-5-4-8(3)6-10(9)11/h7-11H,4-6H2,1-3H3",NOOLISFMXDJSKH-UHFFFAOYSA-N,CC1CCC(C(C)C)C(O)C1,-2.34,-2.45
H-284,Meprobamate  ,"InChI=1S/C9H18N2O4/c1-3-4-9(2,5-14-7(10)12)6-15-8(11)13/h3-6H2,1-2H3,(H2,10,12)(H2,11,13)",NPPQSCRMBWNHMW-UHFFFAOYSA-N,CCCC(C)(COC(N)=O)COC(N)=O,-1.82,-1.95
H-285,Methane  ,InChI=1S/CH4/h1H4,VNWKTOKETHGBQD-UHFFFAOYSA-N,C,-1.53,-1.87
H-286,p-Methoxybenzaldehyde  ,"InChI=1S/C8H8O2/c1-10-8-4-2-7(6-9)3-5-8/h2-6H,1H3",ZRSNZINYAWTAHE-UHFFFAOYSA-N,COC1=CC=C(C=O)C=C1,-1.49,-1.9
H-287,Methoxybenzene  ,"InChI=1S/C7H8O/c1-8-7-5-3-2-4-6-7/h2-6H,1H3",RDOXTESZEPMUJZ-UHFFFAOYSA-N,COC1=CC=CC=C1,-1.85,-1.54
H-288,Methoxychlor  ,"InChI=1S/C16H15Cl3O2/c1-20-13-7-3-11(4-8-13)15(16(17,18)19)12-5-9-14(21-2)10-6-12/h3-10,15H,1-2H3",IAKOZHOLGAGEJT-UHFFFAOYSA-N,COC1=CC=C(C(C2=CC=C(OC)C=C2)C(Cl)(Cl)Cl)C=C1,-6.45,-6.84
H-289,"2-Methyl-1,3-Butadiene  ","InChI=1S/C5H8/c1-4-5(2)3/h4H,1-2H2,3H3",RRHGJUQNOFWUDK-UHFFFAOYSA-N,C=CC(=C)C,-2.03,-1.58
H-290,2-Methyl-1-Butanol  ,"InChI=1S/C5H12O/c1-3-5(2)4-6/h5-6H,3-4H2,1-2H3",QPRQEDXDYOZYLA-UHFFFAOYSA-N,CCC(C)CO,-0.47,-0.32
H-291,2-Methyl-1-pentanol  ,"InChI=1S/C6H14O/c1-3-4-6(2)5-7/h6-7H,3-5H2,1-2H3",PFNHSEQQEPMLNI-UHFFFAOYSA-N,CCCC(C)CO,-1.11,-0.95
H-292,4-Methyl-1-pentanol  ,"InChI=1S/C6H14O/c1-6(2)4-3-5-7/h6-7H,3-5H2,1-2H3",PCWGTDULNUVNBN-UHFFFAOYSA-N,CC(C)CCCO,-1.14,-0.98
H-293,4-Methyl-1-pentene  ,"InChI=1S/C6H12/c1-4-5-6(2)3/h4,6H,1,5H2,2-3H3",WSSSPWUEQFSQQG-UHFFFAOYSA-N,C=CCC(C)C,-3.24,-3.05
H-294,3-Methyl-2-Butanol  ,"InChI=1S/C5H12O/c1-4(2)5(3)6/h4-6H,1-3H3",MXLMTQWGSQIYOW-UHFFFAOYSA-N,CC(C)C(C)O,-0.2,-0.11
H-295,3-Methyl-2-heptanol  ,"InChI=1S/C8H18O/c1-4-5-6-7(2)8(3)9/h7-9H,4-6H2,1-3H3",SZERMVMTUUAYML-UHFFFAOYSA-N,CCCCC(C)C(C)O,-1.72,-1.96
H-296,2-Methyl-2-heptanol  ,"InChI=1S/C8H18O/c1-4-5-6-7-8(2,3)9/h9H,4-7H2,1-3H3",ACBMYYVZWKYLIP-UHFFFAOYSA-N,CCCCCC(C)(C)O,-1.72,-1.86
H-297,5-Methyl-2-Hexanol  ,"InChI=1S/C7H16O/c1-6(2)4-5-7(3)8/h6-8H,4-5H2,1-3H3",ZDVJGWXFXGJSIU-UHFFFAOYSA-N,CC(C)CCC(C)O,-1.38,-1.39
H-298,2-Methyl-2-Hexanol  ,"InChI=1S/C7H16O/c1-4-5-6-7(2,3)8/h8H,4-6H2,1-3H3",KRIMXCDMVRMCTC-UHFFFAOYSA-N,CCCCC(C)(C)O,-1.08,-1.1
H-299,4-Methyl-2-pentanol  ,"InChI=1S/C6H14O/c1-5(2)4-6(3)7/h5-7H,4H2,1-3H3",WVYWICLMDOOCFB-UHFFFAOYSA-N,CC(C)CC(C)O,-0.8,-0.83
H-300,2-Methyl-2-pentanol  ,"InChI=1S/C6H14O/c1-4-5-6(2,3)7/h7H,4-5H2,1-3H3",WFRBDWRZVBPBDO-UHFFFAOYSA-N,CCCC(C)(C)O,-0.49,-0.62
H-301,3-Methyl-2-pentanol  ,"InChI=1S/C6H14O/c1-4-5(2)6(3)7/h5-7H,4H2,1-3H3",ZXNBBWHRUSXUFZ-UHFFFAOYSA-N,CCC(C)C(C)O,-0.72,-0.77
H-302,3-Methyl-3-heptanol  ,"InChI=1S/C8H18O/c1-4-6-7-8(3,9)5-2/h9H,4-7H2,1-3H3",PQOSNJHBSNZITJ-UHFFFAOYSA-N,CCCCC(C)(O)CC,-1.6,-1.71
H-303,3-Methyl-3-Hexanol  ,"InChI=1S/C7H16O/c1-4-6-7(3,8)5-2/h8H,4-6H2,1-3H3",KYWJZCSJMOILIZ-UHFFFAOYSA-N,CCCC(C)(O)CC,-1,-1
H-304,2-Methyl-3-pentanol  ,"InChI=1S/C6H14O/c1-4-6(7)5(2)3/h5-7H,4H2,1-3H3",ISTJMQSHILQAEC-UHFFFAOYSA-N,CCC(O)C(C)C,-0.7,-0.7
H-305,3-Methyl-3-pentanol  ,"InChI=1S/C6H14O/c1-4-6(3,7)5-2/h7H,4-5H2,1-3H3",FRDAATYAJDYRNW-UHFFFAOYSA-N,CCC(C)(O)CC,-0.38,-0.59
H-306,Methyl acetate  ,InChI=1S/C3H6O2/c1-3(4)5-2/h1-2H3,KXKVLQRXCPHEJC-UHFFFAOYSA-N,COC(C)=O,-0.52,0.54
H-307,Methyl acrylate  ,"InChI=1S/C4H6O2/c1-3-4(5)6-2/h3H,1H2,2H3",BAPJBEWLBFYGME-UHFFFAOYSA-N,C=CC(=O)OC,-0.22,-0.13
H-308,9-Methyl anthracene  ,"InChI=1S/C15H12/c1-11-14-8-4-2-6-12(14)10-13-7-3-5-9-15(11)13/h2-10H,1H3",CPGPAVAKSZHMBP-UHFFFAOYSA-N,CC1=C2C=CC=CC2=CC2=CC=CC=C21,-5.89,-6.3
H-309,Methyl benzoate  ,"InChI=1S/C8H8O2/c1-10-8(9)7-5-3-2-4-6-7/h2-6H,1H3",QPJVMBTYPHYUOC-UHFFFAOYSA-N,COC(=O)C1=CC=CC=C1,-1.85,-1.7
H-310,Methyl bromide  ,InChI=1S/CH3Br/c1-2/h1H3,GZUXJHMPEANEGY-UHFFFAOYSA-N,CBr,-0.87,-0.52
H-311,Methyl butyl ether  ,"InChI=1S/C4H10O/c1-3-4-5-2/h3-4H2,1-2H3",VNKYTQGIUYNRMY-UHFFFAOYSA-N,CCCOC,-0.99,-0.31
H-312,Methyl butylketone  ,"InChI=1S/C6H12O/c1-3-4-5-6(2)7/h3-5H2,1-2H3",QQZOPKMRPOGIEB-UHFFFAOYSA-N,CCCCC(C)=O,-0.8,-1.09
H-313,Methyl butyrate  ,"InChI=1S/C5H10O2/c1-3-4-5(6)7-2/h3-4H2,1-2H3",UUIQMZJEGPQKFD-UHFFFAOYSA-N,CCCC(=O)OC,-0.82,-0.56
H-314,Methyl caprylate  ,"InChI=1S/C9H18O2/c1-3-4-5-6-7-8-9(10)11-2/h3-8H2,1-2H3",JGHZJRVDZXSNKQ-UHFFFAOYSA-N,CCCCCCCC(=O)OC,-3.39,-3.03
H-315,Methyl chloride  ,InChI=1S/CH3Cl/c1-2/h1H3,NEHMKBQYUWJMIP-UHFFFAOYSA-N,CCl,-0.88,0.31
H-316,3-Methyl cholanthrene  ,"InChI=1S/C21H16/c1-13-6-7-15-12-20-17-5-3-2-4-14(17)8-9-18(20)19-11-10-16(13)21(15)19/h2-9,12H,10-11H2,1H3",PPQNQXQZIWHJRB-UHFFFAOYSA-N,CC1=CC=C2C=C3C4=CC=CC=C4C=CC3=C3CCC1=C23,-7.96,-8.4
H-317,Methyl cyclohexane  ,"InChI=1S/C7H14/c1-7-5-3-2-4-6-7/h7H,2-6H2,1H3",UAEPNZWRGJTJPN-UHFFFAOYSA-N,CC1CCCCC1,-3.85,-3.88
H-318,Methyl cyclohexene  ,"InChI=1S/C7H12/c1-7-5-3-2-4-6-7/h5H,2-4,6H2,1H3",CTMHWPIWNRWQEG-UHFFFAOYSA-N,CC1=CCCCC1,-3.27,-1.59
H-319,Methyl cyclopentane  ,"InChI=1S/C6H12/c1-6-4-2-3-5-6/h6H,2-5H2,1H3",GDOPTJXRTPNYNR-UHFFFAOYSA-N,CC1CCCC1,-3.3,-3.23
H-320,Methyl ethyl ketone  ,"InChI=1S/C4H8O/c1-3-4(2)5/h3H2,1-2H3",ZWEHNKRNPOVVGH-UHFFFAOYSA-N,CCC(C)=O,0.52,0.11
H-321,1-Methyl fluorene  ,"InChI=1S/C14H12/c1-10-5-4-8-13-12-7-3-2-6-11(12)9-14(10)13/h2-8H,9H2,1H3",GKEUODMJRFDLJY-UHFFFAOYSA-N,CC1=CC=CC2=C1CC1=C2C=CC=C1,-5.22,-5.24
H-322,Methyl formate  ,"InChI=1S/C2H4O2/c1-4-2-3/h2H,1H3",TZIHFWKZFHZASV-UHFFFAOYSA-N,COC=O,0.58,0.82
H-323,Methyl heptyl ketone  ,"InChI=1S/C9H18O/c1-3-4-5-6-7-8-9(2)10/h3-8H2,1-2H3",VKCYHJWLYTUGCC-UHFFFAOYSA-N,CCCCCCCC(C)=O,-2.58,-2.89
H-324,Methyl hexyl ketone  ,"InChI=1S/C8H16O/c1-3-4-5-6-7-8(2)9/h3-7H2,1-2H3",ZPVFWPFBNIEHGJ-UHFFFAOYSA-N,CCCCCCC(C)=O,-2.05,-2.25
H-325,Methyl iodide  ,InChI=1S/CH3I/c1-2/h1H3,INQOMBQAUSQDDS-UHFFFAOYSA-N,CI,-1.01,-1.12
H-326,Methyl isobutyl ketone  ,"InChI=1S/C6H12O/c1-5(2)4-6(3)7/h5H,4H2,1-3H3",NTIZESTWPVYFNL-UHFFFAOYSA-N,CC(=O)CC(C)C,-0.74,-0.96
H-327,Methyl isopropyl ether  ,"InChI=1S/C4H10O/c1-4(2)5-3/h4H,1-3H3",RMGHERXMTMUMMV-UHFFFAOYSA-N,COC(C)C,-0.06,-0.31
H-328,Methyl isothiocyanate  ,InChI=1S/C2H3NS/c1-3-2-4/h1H3,LGDSHSYDSCRFAB-UHFFFAOYSA-N,CN=C=S,-1,-1.36
H-329,Methyl methacrylate  ,"InChI=1S/C5H8O2/c1-4(2)5(6)7-3/h1H2,2-3H3",VVQNEPGJFQJSBK-UHFFFAOYSA-N,C=C(C)C(=O)OC,-0.8,-0.3
H-330,1-Methyl naphthalene  ,"InChI=1S/C11H10/c1-9-5-4-7-10-6-2-3-8-11(9)10/h2-8H,1H3",QPUYECUOLPXSFR-UHFFFAOYSA-N,CC1=C2C=CC=CC2=CC=C1,-3.7,-3.94
H-331,2-Methyl naphthalene  ,"InChI=1S/C11H10/c1-9-6-7-10-4-2-3-5-11(10)8-9/h2-8H,1H3",QIMMUPPBPVKWKM-UHFFFAOYSA-N,CC1=CC=C2C=CC=CC2=C1,-3.77,-3.91
H-332,2-Methyl pentane  ,"InChI=1S/C6H14/c1-4-5-6(2)3/h6H,4-5H2,1-3H3",AFABGHUZZDYHJO-UHFFFAOYSA-N,CCCC(C)C,-3.74,-3.27
H-333,3-Methyl pentane  ,"InChI=1S/C6H14/c1-4-6(3)5-2/h6H,4-5H2,1-3H3",PFEOZHBOMNWTJB-UHFFFAOYSA-N,CCC(C)CC,-3.68,-3.27
H-334,Methyl pentylketone  ,"InChI=1S/C7H14O/c1-3-4-5-6-7(2)8/h3-6H2,1-2H3",CATSNJVOTSVZJV-UHFFFAOYSA-N,CCCCCC(C)=O,-1.42,-1.7
H-335,Methyl prednisolone  ,"InChI=1S/C22H30O5/c1-12-8-14-15-5-7-22(27,18(26)11-23)21(15,3)10-17(25)19(14)20(2)6-4-13(24)9-16(12)20/h4,6,9,12,14-15,17,19,23,25,27H,5,7-8,10-11H2,1-3H3",VHRSUDSXCMQTMA-UHFFFAOYSA-N,CC1CC2C(C(O)CC3(C)C2CCC3(O)C(=O)CO)C2(C)C=CC(=O)C=C12,-3.03,-3.54
H-336,2-Methyl propanol  ,"InChI=1S/C4H10O/c1-4(2)3-5/h4-5H,3H2,1-2H3",ZXEKIIBDNHEJCQ-UHFFFAOYSA-N,CC(C)CO,0.04,0.28
H-337,Methyl propionate  ,"InChI=1S/C4H8O2/c1-3-4(5)6-2/h3H2,1-2H3",RJUFJBKOKNCXHH-UHFFFAOYSA-N,CCC(=O)OC,-0.14,0.17
H-338,Methyl propyl ether  ,"InChI=1S/C4H10O/c1-3-4-5-2/h3-4H2,1-2H3",VNKYTQGIUYNRMY-UHFFFAOYSA-N,CCCOC,-0.39,-0.31
H-339,Methyl propyl ketone  ,"InChI=1S/C5H10O/c1-3-4-5(2)6/h3-4H2,1-2H3",XNLICIUVMPYHGG-UHFFFAOYSA-N,CCCC(C)=O,-0.19,-0.47
H-340,Methyl-t-Butyl ether  ,"InChI=1S/C5H12O/c1-5(2,3)6-4/h1-4H3",BZLVMXJERCGZMT-UHFFFAOYSA-N,COC(C)(C)C,-0.24,-0.77
H-341,17-Methyl testosterone  ,"InChI=1S/C20H30O2/c1-18-9-6-14(21)12-13(18)4-5-15-16(18)7-10-19(2)17(15)8-11-20(19,3)22/h12,15-17,22H,4-11H2,1-3H3",GCKMFJBGXUYNAG-UHFFFAOYSA-N,CC12CCC(=O)C=C1CCC1C2CCC2(C)C1CCC2(C)O,-3.97,-4.34
H-342,2-Methyl tetrahydrofuran  ,"InChI=1S/C5H10O/c1-5-3-2-4-6-5/h5H,2-4H2,1H3",JWUJQDFVADABEY-UHFFFAOYSA-N,CC1CCCO1,0.11,-0.57
H-343,Methyl valerate  ,"InChI=1S/C6H12O2/c1-3-4-5-6(7)8-2/h3-5H2,1-2H3",HNBDRPTVWVGKBR-UHFFFAOYSA-N,CCCCC(=O)OC,-1.36,-1.19
H-344,Myristyl Alcohol  ,"InChI=1S/C14H30O/c1-2-3-4-5-6-7-8-9-10-11-12-13-14-15/h15H,2-14H2,1H3",HLZKNKRTKFSKGZ-UHFFFAOYSA-N,CCCCCCCCCCCCCCO,-6.17,-5.68
H-345,Naphthacene  ,InChI=1S/C18H12/c1-2-6-14-10-18-12-16-8-4-3-7-15(16)11-17(18)9-13(14)5-1/h1-12H,IFLREYGFSNHWGE-UHFFFAOYSA-N,C1=CC=C2C=C3C=C4C=CC=CC4=CC3=CC2=C1,-8.6,-7.62
H-346,Naphthalene  ,InChI=1S/C10H8/c1-2-6-10-8-4-3-7-9(10)5-1/h1-8H,UFWIBTONFRDIAS-UHFFFAOYSA-N,C1=CC=C2C=CC=CC2=C1,-3.6,-3.29
H-347,o-Nitroanisole  ,"InChI=1S/C7H7NO3/c1-11-7-5-3-2-4-6(7)8(9)10/h2-5H,1H3",CFBYEGUGFPZCNF-UHFFFAOYSA-N,COC1=CC=CC=C1[N+](=O)[O-],-1.96,-2.26
H-348,p-Nitroanisole  ,"InChI=1S/C7H7NO3/c1-11-7-4-2-6(3-5-7)8(9)10/h2-5H,1H3",BNUHAJGCKIQFGE-UHFFFAOYSA-N,COC1=CC=C(C=C1)[N+](=O)[O-],-2.41,-2.2
H-349,Nitrobenzene  ,InChI=1S/C6H5NO2/c8-7(9)6-4-2-1-3-5-6/h1-5H,LQNUZADURLCDLV-UHFFFAOYSA-N,C1=CC=C(C=C1)[N+](=O)[O-],-1.83,-2.03
H-350,Nitroethane  ,"InChI=1S/C2H5NO2/c1-2-3(4)5/h2H2,1H3",MCSAJNNLRCFZED-UHFFFAOYSA-N,CC[N+](=O)[O-],-0.22,-0.44
H-351,Nitromethane  ,InChI=1S/CH3NO2/c1-2(3)4/h1H3,LYGJENNIWJXYER-UHFFFAOYSA-N,C[N+](=O)[O-],0.26,-0.47
H-352,1-Nitropropane  ,"InChI=1S/C3H7NO2/c1-2-3-4(5)6/h2-3H2,1H3",JSZOAYXJRCEYSX-UHFFFAOYSA-N,CCC[N+](=O)[O-],-0.8,-0.86
H-353,2-Nitropropane  ,"InChI=1S/C4H9NO2/c1-3-4(2)5(6)7/h4H,3H2,1-2H3",SUGZATOHBPXTDV-UHFFFAOYSA-N,CCC(C)[N+](=O)[O-],-0.62,-1.03
H-354,m-Nitrotoluene  ,"InChI=1S/C7H7NO2/c1-6-3-2-4-7(5-6)8(9)10/h2-5H,1H3",QZYHIOPPLUPUJF-UHFFFAOYSA-N,CC1=CC(=CC=C1)[N+](=O)[O-],-2.46,-2.46
H-355,o-Nitrotoluene  ,"InChI=1S/C7H7NO2/c1-6-4-2-3-5-7(6)8(9)10/h2-5H,1H3",PLAZTCDQAHEYBI-UHFFFAOYSA-N,CC1=CC=CC=C1[N+](=O)[O-],-2.31,-2.42
H-356,"2,2',3,3',4,4',5,5',6-Nonachlorobiphenyl  ",InChI=1S/C12HCl9/c13-3-1-2(5(14)9(18)6(3)15)4-7(16)10(19)12(21)11(20)8(4)17/h1H,JFIMDKGRGPNPRQ-UHFFFAOYSA-N,ClC1=C(Cl)C(Cl)=C(Cl)C(C2=C(Cl)C(Cl)=C(Cl)C(Cl)=C2Cl)=C1,-10.26,-9.19
H-357,"2,2',3,3',4,5,5',6,6'-Nonachlorobiphenyl  ",InChI=1S/C12HCl9/c13-2-1-3(14)7(16)4(6(2)15)5-8(17)10(19)12(21)11(20)9(5)18/h1H,XIFFTDRFWYFAPO-UHFFFAOYSA-N,ClC1=CC(Cl)=C(Cl)C(C2=C(Cl)C(Cl)=C(Cl)C(Cl)=C2Cl)=C1Cl,-10.41,-9.25
H-358,1-Nonene  ,"InChI=1S/C9H18/c1-3-5-7-9-8-6-4-2/h3H,1,4-9H2,2H3",JRZJOMJEPLMPRA-UHFFFAOYSA-N,C=CCCCCCCC,-5.05,-4.55
H-359,1-Nonyne  ,"InChI=1S/C9H16/c1-3-5-7-9-8-6-4-2/h1H,4-9H2,2H3",OSSQSXOTMIGBCF-UHFFFAOYSA-N,C#CCCCCCCC,-4.24,-3.82
H-360,Norethindrone  ,"InChI=1S/C20H26O2/c1-3-20(22)11-9-18-17-6-4-13-12-14(21)5-7-15(13)16(17)8-10-19(18,20)2/h1,12,15-18,22H,4-11H2,2H3",VIKNJXKGJWUCNN-UHFFFAOYSA-N,C#CC1(O)CCC2C3CCC4=CC(=O)CCC4C3CCC21C,-4.93,-4.65
H-361,"2,2',3,3',4,4',5,5'-Octachlorobiphenyl  ",InChI=1S/C12H2Cl8/c13-5-1-3(7(15)11(19)9(5)17)4-2-6(14)10(18)12(20)8(4)16/h1-2H,DTMRKGRREZAYAP-UHFFFAOYSA-N,ClC1=C(Cl)C(Cl)=C(Cl)C(C2=CC(Cl)=C(Cl)C(Cl)=C2Cl)=C1,-9.16,-9
H-362,"2,2',3,3',5,5',6,6'-octachlorobiphenyl  ",InChI=1S/C12H2Cl8/c13-3-1-4(14)10(18)7(9(3)17)8-11(19)5(15)2-6(16)12(8)20/h1-2H,JPOPEORRMSDUIP-UHFFFAOYSA-N,ClC1=CC(Cl)=C(Cl)C(C2=C(Cl)C(Cl)=CC(Cl)=C2Cl)=C1Cl,-9.15,-9.01
H-363,Octachlorodibenzofuran  ,InChI=1S/C12Cl8O/c13-3-1-2-4(14)6(16)8(18)10(20)12(2)21-11(1)9(19)7(17)5(3)15,RHIROFAGUQOFLU-UHFFFAOYSA-N,ClC1=C(Cl)C(Cl)=C2C(=C1Cl)OC1=C(Cl)C(Cl)=C(Cl)C(Cl)=C12,-11.59,-5.72
H-364,Octachlorodibenzo-p-dioxin  ,InChI=1S/C12Cl8O2/c13-1-2(14)6(18)10-9(5(1)17)21-11-7(19)3(15)4(16)8(20)12(11)22-10,FOIBFBMSLDGNHL-UHFFFAOYSA-N,ClC1=C(Cl)C(Cl)=C2OC3=C(Cl)C(Cl)=C(Cl)C(Cl)=C3OC2=C1Cl,-12.79,-8.44
H-365,"2,2',3,4,4',5,5',6-Octachlorodiphenyl ether  ",InChI=1S/C12H2Cl8O/c13-3-1-5(15)6(2-4(3)14)21-12-10(19)8(17)7(16)9(18)11(12)20/h1-2H,PKOSPVZTRLMBSK-UHFFFAOYSA-N,ClC1=CC(Cl)=C(Cl)C=C1OC1=C(Cl)C(Cl)=C(Cl)C(Cl)=C1Cl,-10.14,-8.86
H-366,"2,2',3,3',4,4',5,5'-Octachlorodiphenyl ether  ",InChI=1S/C12H2Cl8O/c13-3-1-5(9(17)11(19)7(3)15)21-6-2-4(14)8(16)12(20)10(6)18/h1-2H,IXZVOZCULZBCDY-UHFFFAOYSA-N,ClC1=C(Cl)C(Cl)=C(Cl)C(OC2=CC(Cl)=C(Cl)C(Cl)=C2Cl)=C1,-10.13,-8.85
H-367,"2,2',3,3',4,5,5',6'-Octachlorodiphenyl ether  ",InChI=1S/C12H2Cl8O/c13-3-1-4(14)9(18)12(8(3)17)21-6-2-5(15)7(16)11(20)10(6)19/h1-2H,MRHQOXCYYPFGEE-UHFFFAOYSA-N,ClC1=CC(Cl)=C(Cl)C(OC2=CC(Cl)=C(Cl)C(Cl)=C2Cl)=C1Cl,-10.1,-8.85
H-368,Octafluorocyclobutane  ,"InChI=1S/C4F8/c5-1(6)2(7,8)4(11,12)3(1,9)10",BCCOBQSFUDVTJQ-UHFFFAOYSA-N,FC1(F)C(F)(F)C(F)(F)C1(F)F,-3.92,-3.19
H-369,Octane  ,"InChI=1S/C8H18/c1-3-5-7-8-6-4-2/h3-8H2,1-2H3",TVMXDCGIABBOFY-UHFFFAOYSA-N,CCCCCCCC,-5.24,-4.53
H-370,1-Octanol  ,"InChI=1S/C8H18O/c1-2-3-4-5-6-7-8-9/h9H,2-8H2,1H3",KBPLFHHGFOOTCA-UHFFFAOYSA-N,CCCCCCCCO,-2.39,-2.39
H-371,2-Octanol  ,"InChI=1S/C8H18O/c1-3-4-5-6-7-8(2)9/h8-9H,3-7H2,1-2H3",SJWFXCIHNDVPSH-UHFFFAOYSA-N,CCCCCCC(C)O,-2.09,-2.06
H-372,1-Octene  ,"InChI=1S/C8H16/c1-3-5-7-8-6-4-2/h3H,1,4-8H2,2H3",KWKAKUADMBZCLK-UHFFFAOYSA-N,C=CCCCCCC,-4.44,-4.25
H-373,1-Octyne  ,"InChI=1S/C8H14/c1-3-5-7-8-6-4-2/h1H,4-8H2,2H3",UMIPWJGWASORKV-UHFFFAOYSA-N,C#CCCCCCC,-3.66,-3.39
H-374,Pelargonaldehyde  ,"InChI=1S/C9H18O/c1-2-3-4-5-6-7-8-9-10/h9H,2-8H2,1H3",GYHFUZHODSMOHU-UHFFFAOYSA-N,CCCCCCCCC=O,-3.17,-3.37
H-375,Pentachlorobenzene  ,InChI=1S/C6HCl5/c7-2-1-3(8)5(10)6(11)4(2)9/h1H,CEOCDNVZRAIOQZ-UHFFFAOYSA-N,ClC1=CC(Cl)=C(Cl)C(Cl)=C1Cl,-5.66,-5.43
H-376,"2,2',3,4,5-Pentachlorobiphenyl  ",InChI=1S/C12H5Cl5/c13-8-4-2-1-3-6(8)7-5-9(14)11(16)12(17)10(7)15/h1-5H,AIURIRUDHVDRFQ-UHFFFAOYSA-N,ClC1=CC=CC=C1C1=CC(Cl)=C(Cl)C(Cl)=C1Cl,-7.21,-7.68
H-377,"2,2',3,4,5'-Pentachlorobiphenyl  ",InChI=1S/C12H5Cl5/c13-6-1-3-9(14)8(5-6)7-2-4-10(15)12(17)11(7)16/h1-5H,OPKYDBFRKPQCBS-UHFFFAOYSA-N,ClC1=CC=C(Cl)C(C2=CC=C(Cl)C(Cl)=C2Cl)=C1,-7.91,-7.59
H-378,"2,3,4,5,6-Pentachlorobiphenyl  ",InChI=1S/C12H5Cl5/c13-8-7(6-4-2-1-3-5-6)9(14)11(16)12(17)10(8)15/h1-5H,GGMPTLAAIUQMIE-UHFFFAOYSA-N,ClC1=C(Cl)C(Cl)=C(C2=CC=CC=C2)C(Cl)=C1Cl,-7.92,-7.58
H-379,"2,2',3,4,6-Pentachlorobiphenyl  ",InChI=1S/C12H5Cl5/c13-7-4-2-1-3-6(7)10-8(14)5-9(15)11(16)12(10)17/h1-5H,QGDKRLQRLFUJPP-UHFFFAOYSA-N,ClC1=CC=CC=C1C1=C(Cl)C=C(Cl)C(Cl)=C1Cl,-7.43,-7.67
H-380,"2,2',4,6,6'-Pentachlorobiphenyl  ",InChI=1S/C12H5Cl5/c13-6-4-9(16)12(10(17)5-6)11-7(14)2-1-3-8(11)15/h1-5H,MTCPZNVSDFCBBE-UHFFFAOYSA-N,ClC1=CC(Cl)=C(C2=C(Cl)C=CC=C2Cl)C(Cl)=C1,-7.32,-7.68
H-381,"2,2',3,3',4-Pentachlorobiphenyl  ",InChI=1S/C12H5Cl5/c13-8-3-1-2-6(10(8)15)7-4-5-9(14)12(17)11(7)16/h1-5H,AUGNBQPSMWGAJE-UHFFFAOYSA-N,ClC1=CC=C(C2=CC=CC(Cl)=C2Cl)C(Cl)=C1Cl,-7.05,-7.7
H-382,"2,3',4,4',5-Pentachlorobiphenyl  ",InChI=1S/C12H5Cl5/c13-8-2-1-6(3-10(8)15)7-4-11(16)12(17)5-9(7)14/h1-5H,IUTPYMGCWINGEY-UHFFFAOYSA-N,ClC1=CC=C(C2=CC(Cl)=C(Cl)C=C2Cl)C=C1Cl,-7.39,-7.6
H-383,"2,3,4,7,8-Pentachlorodibenzofuran  ",InChI=1S/C12H3Cl5O/c13-6-1-4-5-2-8(15)10(16)11(17)12(5)18-9(4)3-7(6)14/h1-3H,OGBQILNBLMPPDP-UHFFFAOYSA-N,ClC1=C(Cl)C=C2C(=C1)OC1=C(Cl)C(Cl)=C(Cl)C=C21,-9.16,-5.24
H-384,"1,2,3,4,7-Pentachlorodibenzo-p-dioxin  ",InChI=1S/C12H3Cl5O2/c13-4-1-2-5-6(3-4)19-12-10(17)8(15)7(14)9(16)11(12)18-5/h1-3H,WRNGAZFESPEMCN-UHFFFAOYSA-N,ClC1=CC=C2OC3=C(Cl)C(Cl)=C(Cl)C(Cl)=C3OC2=C1,-9.48,-6.35
H-385,"2,2',3,4,4'-Pentachlorodiphenyl ether  ",InChI=1S/C12H5Cl5O/c13-6-1-3-9(8(15)5-6)18-10-4-2-7(14)11(16)12(10)17/h1-5H,RSBUDFTVQYJNHK-UHFFFAOYSA-N,ClC1=CC=C(OC2=CC=C(Cl)C(Cl)=C2Cl)C(Cl)=C1,-7.44,-7.06
H-386,"2,3,3',4,4'-Pentachlorodiphenyl ether  ",InChI=1S/C12H5Cl5O/c13-7-2-1-6(5-9(7)15)18-10-4-3-8(14)11(16)12(10)17/h1-5H,PKEGIXYNAGGYPN-UHFFFAOYSA-N,ClC1=CC=C(OC2=CC=C(Cl)C(Cl)=C2Cl)C=C1Cl,-7.67,-7.06
H-387,Pentachloroethane  ,"InChI=1S/C2HCl5/c3-1(4)2(5,6)7/h1H",BNIXVQGCZULYKV-UHFFFAOYSA-N,ClC(Cl)C(Cl)(Cl)Cl,-2.6,-2.98
H-388,Pentaerythritol  ,"InChI=1S/C5H12O4/c6-1-5(2-7,3-8)4-9/h6-9H,1-4H2",WXZMFSXDPGVJKK-UHFFFAOYSA-N,OCC(CO)(CO)CO,-0.44,0.55
H-389,Pentamethylbenzene  ,"InChI=1S/C11H16/c1-7-6-8(2)10(4)11(5)9(7)3/h6H,1-5H3",BEZDDPMMPIDMGJ-UHFFFAOYSA-N,CC1=CC(C)=C(C)C(C)=C1C,-4,-3.94
H-390,Pentane  ,"InChI=1S/C5H12/c1-3-5-4-2/h3-5H2,1-2H3",OFBQJSOFQDEBGM-UHFFFAOYSA-N,CCCCC,-3.18,-2.54
H-391,1-Mentanol  ,"InChI=1S/C10H20O/c1-8(2)10(3)6-4-5-9(11)7-10/h8-9,11H,4-7H2,1-3H3",GXVKKGSUMOYXRP-UHFFFAOYSA-N,CC(C)C1(C)CCCC(O)C1,-0.6,-2.53
H-392,2-Mentanol  ,"InChI=1S/C10H20O/c1-7(2)10-8(3)5-4-6-9(10)11/h7-11H,4-6H2,1-3H3",INRYEFODKKMLFS-UHFFFAOYSA-N,CC(C)C1C(C)CCCC1O,-0.29,-2.45
H-393,3-Mentanol  ,"InChI=1S/C10H20O/c1-8(2)10(11)6-4-5-9(3)7-10/h8-9,11H,4-7H2,1-3H3",FLDULGZAEKFCIK-UHFFFAOYSA-N,CC1CCCC(O)(C(C)C)C1,-0.24,-2.64
H-394,1-Pentene  ,"InChI=1S/C5H10/c1-3-5-4-2/h3H,1,4-5H2,2H3",YWAKXRMUMFPDSH-UHFFFAOYSA-N,C=CCCC,-2.68,-2.63
H-395,Trans-2-pentene  ,"InChI=1S/C5H10/c1-3-5-4-2/h3,5H,4H2,1-2H3",QMMOXUPEWRXHJS-UHFFFAOYSA-N,CC=CCC,-2.54,-2.46
H-396,Pentylbenzene  ,"InChI=1S/C11H16/c1-2-3-5-8-11-9-6-4-7-10-11/h4,6-7,9-10H,2-3,5,8H2,1H3",PWATWSYOIIXYMA-UHFFFAOYSA-N,CCCCCC1=CC=CC=C1,-4.64,-4.79
H-397,1-Pentyne  ,"InChI=1S/C5H8/c1-3-5-4-2/h1H,4-5H2,2H3",IBXNCJKFFQIKKY-UHFFFAOYSA-N,C#CCCC,-1.64,-2.47
H-398,Perylene  ,InChI=1S/C20H12/c1-5-13-6-2-11-17-18-12-4-8-14-7-3-10-16(20(14)18)15(9-1)19(13)17/h1-12H,CSHWQDPOILHKBI-UHFFFAOYSA-N,C1=CC2=CC=CC3=C2C(=C1)C1=CC=CC2=C1C3=CC=C2,-8.79,-8.27
H-399,Phenacetin  ,"InChI=1S/C10H13NO2/c1-3-13-10-6-4-9(5-7-10)11-8(2)12/h4-7H,3H2,1-2H3,(H,11,12)",CPJSUEIXXCENMM-UHFFFAOYSA-N,CCOC1=CC=C(NC(C)=O)C=C1,-2.3,-2
H-400,Phenanthrene  ,InChI=1S/C14H10/c1-3-7-13-11(5-1)9-10-12-6-2-4-8-14(12)13/h1-10H,YNPNZTXNASCQKK-UHFFFAOYSA-N,C1=CC=C2C(=C1)C=CC1=CC=CC=C12,-5.26,-5.72
H-401,2-Phenoxyethanol  ,"InChI=1S/C8H10O2/c9-6-7-10-8-4-2-1-3-5-8/h1-5,9H,6-7H2",QCDWFXQBSFUVSP-UHFFFAOYSA-N,OCCOC1=CC=CC=C1,-0.7,-0.76
H-402,Phenylbutazone  ,"InChI=1S/C19H20N2O2/c1-2-3-14-17-18(22)20(15-10-6-4-7-11-15)21(19(17)23)16-12-8-5-9-13-16/h4-13,17H,2-3,14H2,1H3",VYMDGNCVAMGZFE-UHFFFAOYSA-N,CCCCC1C(=O)N(C2=CC=CC=C2)N(C2=CC=CC=C2)C1=O,-2.31,-3.33
H-403,1-Phenylethanol  ,"InChI=1S/C8H10O/c1-7(9)8-5-3-2-4-6-8/h2-7,9H,1H3",WAPNOHKVXSQRPX-UHFFFAOYSA-N,CC(O)C1=CC=CC=C1,-0.92,-0.9
H-404,Phenylmethanol  ,"InChI=1S/C7H8O/c8-6-7-4-2-1-3-5-7/h1-5,8H,6H2",WVDDGKGOMKODPV-UHFFFAOYSA-N,OCC1=CC=CC=C1,-0.4,-0.61
H-405,Phthalamide  ,"InChI=1S/C8H8N2O2/c9-7(11)5-3-1-2-4-6(5)8(10)12/h1-4H,(H2,9,11)(H2,10,12)",NAYYNDKKHOIIOD-UHFFFAOYSA-N,NC(=O)C1=CC=CC=C1C(N)=O,-2.92,-1.85
H-406,Phthalonitrile  ,InChI=1S/C8H4N2/c9-5-7-3-1-2-4-8(7)6-10/h1-4H,XQZYPMVTSDWCCE-UHFFFAOYSA-N,N#CC1=CC=CC=C1C#N,-2.38,-2.23
H-407,Prednisolone  ,"InChI=1S/C21H28O5/c1-19-7-5-13(23)9-12(19)3-4-14-15-6-8-21(26,17(25)11-22)20(15,2)10-16(24)18(14)19/h5,7,9,14-16,18,22,24,26H,3-4,6,8,10-11H2,1-2H3",OIGNJSKKLXVSLS-UHFFFAOYSA-N,CC12C=CC(=O)C=C1CCC1C2C(O)CC2(C)C1CCC2(O)C(=O)CO,-3.18,-3.18
H-408,Progesterone  ,"InChI=1S/C21H30O2/c1-13(22)17-6-7-18-16-5-4-14-12-15(23)8-10-20(14,2)19(16)9-11-21(17,18)3/h12,16-19H,4-11H2,1-3H3",RJKFOVLPORLFTN-UHFFFAOYSA-N,CC(=O)C1CCC2C3CCC4=CC(=O)CCC4(C)C3CCC12C,-4.42,-4.76
H-409,Propane  ,"InChI=1S/C3H8/c1-3-2/h3H2,1-2H3",ATUOYWHBWRKTHZ-UHFFFAOYSA-N,CCC,-2.84,-1.15
H-410,Propionaldehyde  ,"InChI=1S/C3H6O/c1-2-3-4/h3H,2H2,1H3",NBBJYMSMWIIQGU-UHFFFAOYSA-N,CCC=O,0.58,0.4
H-411,Propionitrile  ,"InChI=1S/C3H5N/c1-2-3-4/h2H2,1H3",FVSKHRXBFJPNKK-UHFFFAOYSA-N,CCC#N,0.28,-0.17
H-412,Propyl acetate  ,"InChI=1S/C5H10O2/c1-3-4-7-5(2)6/h3-4H2,1-2H3",YKYONYBAUNKHLG-UHFFFAOYSA-N,CCCOC(C)=O,-0.72,-0.56
H-413,Propyl benzene  ,"InChI=1S/C9H12/c1-2-6-9-7-4-3-5-8-9/h3-5,7-8H,2,6H2,1H3",ODLMAHJVESYWTB-UHFFFAOYSA-N,CCCC1=CC=CC=C1,-3.37,-3.57
H-414,Propyl benzoate  ,"InChI=1S/C10H12O2/c1-2-8-12-10(11)9-6-4-3-5-7-9/h3-7H,2,8H2,1H3",UDEWPOVQBGFNGE-UHFFFAOYSA-N,CCCOC(=O)C1=CC=CC=C1,-2.67,-2.8
H-415,Propyl butyrate  ,"InChI=1S/C7H14O2/c1-3-5-7(8)9-6-4-2/h3-6H2,1-2H3",HUAZGNHGCJGYNP-UHFFFAOYSA-N,CCCOC(=O)CCC,-1.92,-1.49
H-416,Propylene oxide  ,"InChI=1S/C3H6O/c1-3-2-4-3/h3H,2H2,1H3",GOOHAUXETOMSMM-UHFFFAOYSA-N,CC1CO1,-0.59,0.54
H-417,Propyl formate  ,"InChI=1S/C4H8O2/c1-2-3-6-4-5/h4H,2-3H2,1H3",KFNNIILCVOLYIR-UHFFFAOYSA-N,CCCOC=O,-0.49,0.09
H-418,Propyl isopropyl ether  ,"InChI=1S/C6H14O/c1-4-5-7-6(2)3/h6H,4-5H2,1-3H3",JIEJJGMNDWIGBJ-UHFFFAOYSA-N,CCCOC(C)C,-1.34,-1.18
H-419,Propyzamide  ,"InChI=1S/C3H7NO/c1-2-3(4)5/h2H2,1H3,(H2,4,5)",QLNJFJADRCOGBJ-UHFFFAOYSA-N,CCC(N)=O,-4.23,0.7
H-420,Pyrene  ,InChI=1S/C16H10/c1-3-11-7-9-13-5-2-6-14-10-8-12(4-1)15(11)16(13)14/h1-10H,BBEAQIROQSPTKN-UHFFFAOYSA-N,C1=CC2=CC=C3C=CC=C4C=CC(=C1)C2=C43,-6.18,-6.94
H-421,Quinone  ,InChI=1S/C6H4O2/c7-5-1-2-6(8)4-3-5/h1-4H,AZQWKYJCGOJGHM-UHFFFAOYSA-N,O=C1C=CC(=O)C=C1,-0.56,-0.38
H-422,Styrene  ,"InChI=1S/C8H8/c1-2-8-6-4-3-5-7-8/h2-7H,1H2",PPBRXRYQALVLMV-UHFFFAOYSA-N,C=CC1=CC=CC=C1,-2.61,-3
H-423,Styrene oxide  ,"InChI=1S/C8H8O/c1-2-4-7(5-3-1)8-6-9-8/h1-5,8H,6H2",AWMVMTVKBNGEAK-UHFFFAOYSA-N,C1=CC=C(C2CO2)C=C1,-1.6,-1.98
H-424,Testosterone  ,"InChI=1S/C19H28O2/c1-18-9-7-13(20)11-12(18)3-4-14-15-5-6-17(21)19(15,2)10-8-16(14)18/h11,14-17,21H,3-10H2,1-2H3",MUMGGOZAMZWBJJ-UHFFFAOYSA-N,CC12CCC(=O)C=C1CCC1C2CCC2(C)C(O)CCC12,-4.02,-3.94
H-425,Testosterone  ,"InChI=1S/C19H28O2/c1-18-9-7-13(20)11-12(18)3-4-14-15-5-6-17(21)19(15,2)10-8-16(14)18/h11,14-17,21H,3-10H2,1-2H3",MUMGGOZAMZWBJJ-UHFFFAOYSA-N,CC12CCC(=O)C=C1CCC1C2CCC2(C)C(O)CCC12,-4.08,-3.94
H-426,"2,2',5,5'-Tetrabromobiphenyl  ",InChI=1S/C12H6Br4/c13-7-1-3-11(15)9(5-7)10-6-8(14)2-4-12(10)16/h1-6H,XEFMFJLRXHQLEM-UHFFFAOYSA-N,BrC1=CC=C(Br)C(C2=CC(Br)=CC=C2Br)=C1,-8.06,-6.83
H-427,"1,1,2,2-Tetrabromoethane  ",InChI=1S/C2H2Br4/c3-1(4)2(5)6/h1-2H,QXSZNDIIPUOQMB-UHFFFAOYSA-N,BrC(Br)C(Br)Br,-2.72,-3.81
H-428,Tetrabromomethane  ,"InChI=1S/CBr4/c2-1(3,4)5",HJUGFYREWKUQJT-UHFFFAOYSA-N,BrC(Br)(Br)Br,-3.14,-2.99
H-429,"2,4,3,5-Tetrachloroanisole  ","InChI=1S/C7H4Cl4O/c1-12-4-2-3(8)5(9)7(11)6(4)10/h2H,1H3",FUUHMSUPRUNWRQ-UHFFFAOYSA-N,COC1=CC(Cl)=C(Cl)C(Cl)=C1Cl,-5.26,-4.86
H-430,"2,4,5,6-Tetrachloroanisole  ","InChI=1S/C7H4Cl4O/c1-12-7-4(9)2-3(8)5(10)6(7)11/h2H,1H3",ITXDBGLYYSJNPK-UHFFFAOYSA-N,COC1=C(Cl)C(Cl)=C(Cl)C=C1Cl,-5.13,-4.86
H-431,"1,2,3,4-Tetrachlorobenzene  ",InChI=1S/C6H2Cl4/c7-3-1-2-4(8)6(10)5(3)9/h1-2H,GBDZXPJXOMHESU-UHFFFAOYSA-N,ClC1=CC=C(Cl)C(Cl)=C1Cl,-4.7,-4.69
H-432,"1,2,3,5-Tetrachlorobenzene  ",InChI=1S/C6H2Cl4/c7-3-1-4(8)6(10)5(9)2-3/h1-2H,QZYNWJQFTJXIRN-UHFFFAOYSA-N,ClC1=CC(Cl)=C(Cl)C(Cl)=C1,-4.68,-4.68
H-433,"1,2,4,5-Tetrachlorobenzene  ",InChI=1S/C6H2Cl4/c7-3-1-4(8)6(10)2-5(3)9/h1-2H,JHBKHLUZVFWLAG-UHFFFAOYSA-N,ClC1=CC(Cl)=C(Cl)C=C1Cl,-5.47,-4.66
H-434,"2,2',4,6'-Tetrachlorobenzyl 3-toluene  ","InChI=1S/C14H10Cl4/c1-8-11(15)6-5-9(14(8)18)7-10-12(16)3-2-4-13(10)17/h2-6H,7H2,1H3",WQCFXZHBWZFDAX-UHFFFAOYSA-N,CC1=C(Cl)C(CC2=C(Cl)C=CC=C2Cl)=CC=C1Cl,-7.99,-7.66
H-435,"2,2',4,4'-Tetrachlorobenzyl 3-toluene  ","InChI=1S/C14H10Cl4/c1-8-12(16)5-3-10(14(8)18)6-9-2-4-11(15)7-13(9)17/h2-5,7H,6H2,1H3",ITKYXPSZKACZJS-UHFFFAOYSA-N,CC1=C(Cl)C(CC2=CC=C(Cl)C=C2Cl)=CC=C1Cl,-7.4,-7.68
H-436,"2,2',5,5'-Tetrachlorobenzyl 4-toluene  ","InChI=1S/C14H10Cl4/c1-8-4-14(18)10(7-13(8)17)5-9-6-11(15)2-3-12(9)16/h2-4,6-7H,5H2,1H3",FLNHUBDFYWZFMU-UHFFFAOYSA-N,CC1=C(Cl)C=C(CC2=CC(Cl)=CC=C2Cl)C(Cl)=C1,-8.03,-7.63
H-437,"2,2',4,6'-Tetrachlorobenzyl 5-toluene  ","InChI=1S/C14H10Cl4/c1-8-5-9(14(18)7-13(8)17)6-10-11(15)3-2-4-12(10)16/h2-5,7H,6H2,1H3",LWTZRUALFAUJAX-UHFFFAOYSA-N,CC1=C(Cl)C=C(Cl)C(CC2=C(Cl)C=CC=C2Cl)=C1,-8.36,-7.66
H-438,"2,2',4,4'-Tetrachlorobenzyl 5-toluene  ","InChI=1S/C14H10Cl4/c1-8-4-10(14(18)7-12(8)16)5-9-2-3-11(15)6-13(9)17/h2-4,6-7H,5H2,1H3",DLJAQEIAZPTWSB-UHFFFAOYSA-N,CC1=C(Cl)C=C(Cl)C(CC2=CC=C(Cl)C=C2Cl)=C1,-7.49,-7.64
H-439,"2,3,4,4'-Tetrachlorobenzyl 5-toluene  ","InChI=1S/C14H10Cl4/c1-8-6-10(13(17)14(18)12(8)16)7-9-2-4-11(15)5-3-9/h2-6H,7H2,1H3",MWHFGNXYBKEXGQ-UHFFFAOYSA-N,CC1=C(Cl)C(Cl)=C(Cl)C(CC2=CC=C(Cl)C=C2)=C1,-8.18,-7.7
H-440,"2,3,4,6'-Tetrachlorobenzyl 6-toluene  ","InChI=1S/C14H10Cl4/c1-8-6-12(16)14(18)13(17)10(8)7-9-4-2-3-5-11(9)15/h2-6H,7H2,1H3",CCDRCQNHQGRXHO-UHFFFAOYSA-N,CC1=C(CC2=C(Cl)C=CC=C2)C(Cl)=C(Cl)C(Cl)=C1,-7.24,-7.69
H-441,"2,3,4,4'-Tetrachlorobenzyl 6-toluene  ","InChI=1S/C14H10Cl4/c1-8-6-12(16)14(18)13(17)11(8)7-9-2-4-10(15)5-3-9/h2-6H,7H2,1H3",ZCGZBWMAQSDEHU-UHFFFAOYSA-N,CC1=C(CC2=CC=C(Cl)C=C2)C(Cl)=C(Cl)C(Cl)=C1,-7.44,-7.67
H-442,"2,3,4,5-Tetrachlorobiphenyl  ",InChI=1S/C12H6Cl4/c13-9-6-8(7-4-2-1-3-5-7)10(14)12(16)11(9)15/h1-6H,HLQDGCWIOSOMDP-UHFFFAOYSA-N,ClC1=C(Cl)C(Cl)=C(Cl)C(C2=CC=CC=C2)=C1,-7.16,-6.91
H-443,"2,3',4,4'-Tetrachlorobiphenyl  ",InChI=1S/C12H6Cl4/c13-8-2-3-9(11(15)6-8)7-1-4-10(14)12(16)5-7/h1-6H,RKLLTEAEZIJBAU-UHFFFAOYSA-N,ClC1=CC=C(C2=CC=C(Cl)C(Cl)=C2)C(Cl)=C1,-7.8,-6.93
H-444,"2,2',3,5'-Tetrachlorobiphenyl  ",InChI=1S/C12H6Cl4/c13-7-4-5-10(14)9(6-7)8-2-1-3-11(15)12(8)16/h1-6H,ALDJIKXAHSDLLB-UHFFFAOYSA-N,ClC1=CC=C(Cl)C(C2=CC=CC(Cl)=C2Cl)=C1,-6.47,-6.97
H-445,"2,2',4,5-Tetrachlorobiphenyl  ",InChI=1S/C12H6Cl4/c13-9-4-2-1-3-7(9)8-5-11(15)12(16)6-10(8)14/h1-6H,XBTHILIDLBPRPM-UHFFFAOYSA-N,ClC1=CC=CC=C1C1=CC(Cl)=C(Cl)C=C1Cl,-6.57,-6.94
H-446,"2,2',5,5'-Tetrachlorobiphenyl  ",InChI=1S/C12H6Cl4/c13-7-1-3-11(15)9(5-7)10-6-8(14)2-4-12(10)16/h1-6H,HCWZEPKLWVAEOV-UHFFFAOYSA-N,ClC1=CC=C(Cl)C(C2=CC(Cl)=CC=C2Cl)=C1,-7,-6.95
H-447,"3,3',4,4'-Tetrachlorobiphenyl  ",InChI=1S/C12H6Cl4/c13-9-3-1-7(5-11(9)15)8-2-4-10(14)12(16)6-8/h1-6H,UQMGJOKDKOLIDP-UHFFFAOYSA-N,ClC1=CC=C(C2=CC=C(Cl)C(Cl)=C2)C=C1Cl,-8.53,-6.95
H-448,"2,2',5,6'-Tetrachlorobiphenyl  ",InChI=1S/C12H6Cl4/c13-7-4-5-9(14)8(6-7)12-10(15)2-1-3-11(12)16/h1-6H,SFTUSTXGTCCSHX-UHFFFAOYSA-N,ClC1=CC=C(Cl)C(C2=C(Cl)C=CC=C2Cl)=C1,-6.8,-6.96
H-449,"2,2',6,6'-Tetrachlorobiphenyl  ",InChI=1S/C12H6Cl4/c13-7-3-1-4-8(14)11(7)12-9(15)5-2-6-10(12)16/h1-6H,PXAGFNRKXSYIHU-UHFFFAOYSA-N,ClC1=CC=CC(Cl)=C1C1=C(Cl)C=CC=C1Cl,-8.03,-6.9
H-450,"2,4,4',6-Tetrachlorobiphenyl  ",InChI=1S/C12H6Cl4/c13-8-3-1-7(2-4-8)12-10(15)5-9(14)6-11(12)16/h1-6H,RZFZBHKDGHISSH-UHFFFAOYSA-N,ClC1=CC=C(C2=C(Cl)C=C(Cl)C=C2Cl)C=C1,-6.94,-6.95
H-451,"3,3',5,5'-Tetrachlorobiphenyl  ",InChI=1S/C12H6Cl4/c13-9-1-7(2-10(14)5-9)8-3-11(15)6-12(16)4-8/h1-6H,UTMWFJSRHLYRPY-UHFFFAOYSA-N,ClC1=CC(Cl)=CC(C2=CC(Cl)=CC(Cl)=C2)=C1,-8.54,-7
H-452,"2,3,7,8-Tetrachlorodibenzofuran  ",InChI=1S/C12H4Cl4O/c13-7-1-5-6-2-8(14)10(16)4-12(6)17-11(5)3-9(7)15/h1-4H,KSMVNVHUTQZITP-UHFFFAOYSA-N,ClC1=C(Cl)C=C2C(=C1)OC1=CC(Cl)=C(Cl)C=C12,-8.86,-5
H-453,"1,2,3,4-Tetrachlorodibenzo-p-dioxin  ",InChI=1S/C12H4Cl4O2/c13-7-8(14)10(16)12-11(9(7)15)17-5-3-1-2-4-6(5)18-12/h1-4H,DJHHDLMTUOLVHY-UHFFFAOYSA-N,ClC1=C(Cl)C(Cl)=C2OC3=CC=CC=C3OC2=C1Cl,-8.77,-5.85
H-454,"1,2,3,7-Tetrachlorodibenzo-p-dioxin  ",InChI=1S/C12H4Cl4O2/c13-5-1-2-7-8(3-5)17-9-4-6(14)10(15)11(16)12(9)18-7/h1-4H,SKGXYFVQZVPEFP-UHFFFAOYSA-N,ClC1=CC=C2OC3=C(Cl)C(Cl)=C(Cl)C=C3OC2=C1,-8.89,-5.88
H-455,"1,3,6,8-Tetrachlorodibenzo-p-dioxin  ",InChI=1S/C12H4Cl4O2/c13-5-1-7(15)11-9(3-5)18-12-8(16)2-6(14)4-10(12)17-11/h1-4H,OTQFXRBLGNEOGH-UHFFFAOYSA-N,ClC1=CC(Cl)=C2OC3=CC(Cl)=CC(Cl)=C3OC2=C1,-9,-5.89
H-456,"2,3,7,8-Tetrachlorodibenzo-p-dioxin  ",InChI=1S/C12H4Cl4O2/c13-5-1-9-10(2-6(5)14)18-12-4-8(16)7(15)3-11(12)17-9/h1-4H,HGUFODBRKLSHSI-UHFFFAOYSA-N,ClC1=C(Cl)C=C2OC3=CC(Cl)=C(Cl)C=C3OC2=C1,-10.22,-5.94
H-457,"2,2',4,4'-Tetrachlorodiphenyl ether  ",InChI=1S/C12H6Cl4O/c13-7-1-3-11(9(15)5-7)17-12-4-2-8(14)6-10(12)16/h1-6H,ZRWRPGGXCSSBAO-UHFFFAOYSA-N,ClC1=CC=C(OC2=CC=C(Cl)C=C2Cl)C(Cl)=C1,-6.82,-6.41
H-458,"3,3',4,4'-Tetrachlorodiphenyl ether  ",InChI=1S/C12H6Cl4O/c13-9-3-1-7(5-11(9)15)17-8-2-4-10(14)12(16)6-8/h1-6H,DHLVZXZRIZBPKG-UHFFFAOYSA-N,ClC1=CC=C(OC2=CC=C(Cl)C(Cl)=C2)C=C1Cl,-6.98,-6.45
H-459,"1,1,2,2-Tetrachloroethane  ",InChI=1S/C2H2Cl4/c3-1(4)2(5)6/h1-2H,QPFMBZIOSGYJDE-UHFFFAOYSA-N,ClC(Cl)C(Cl)Cl,-1.74,-2.19
H-460,"1,1,1,2-Tetrachloroethane  ","InChI=1S/C2H2Cl4/c3-1-2(4,5)6/h1H2",QVLAWKAXOMEXPM-UHFFFAOYSA-N,ClCC(Cl)(Cl)Cl,-2.18,-2.38
H-461,"1,1,2,2-Tetrachloroethane  ",InChI=1S/C2H2Cl4/c3-1(4)2(5)6/h1-2H,QPFMBZIOSGYJDE-UHFFFAOYSA-N,ClC(Cl)C(Cl)Cl,-1.75,-2.19
H-462,Tetrachloroethylene  ,InChI=1S/C2Cl4/c3-1(4)2(5)6,CYTYCFOTNPOANT-UHFFFAOYSA-N,ClC(Cl)=C(Cl)Cl,-2.54,-2.7
H-463,Tetrachloroethylene  ,InChI=1S/C2Cl4/c3-1(4)2(5)6,CYTYCFOTNPOANT-UHFFFAOYSA-N,ClC(Cl)=C(Cl)Cl,-2.74,-2.7
H-464,Tetrachloromethane  ,"InChI=1S/CCl4/c2-1(3,4)5",VZGDMQKNWNREIO-UHFFFAOYSA-N,ClC(Cl)(Cl)Cl,-2.31,-1.93
H-465,"3,4,5,6-Tetrachloroveratrole  ",InChI=1S/C8H6Cl4O2/c1-13-7-5(11)3(9)4(10)6(12)8(7)14-2/h1-2H3,NCYHCGGUQGDEQW-UHFFFAOYSA-N,COC1=C(Cl)C(Cl)=C(Cl)C(Cl)=C1OC,-5.24,-4.87
H-466,"1,2,4,5-Tetraflurobenzene  ",InChI=1S/C6H2F4/c7-3-1-4(8)6(10)2-5(3)9/h1-2H,SDXUIOOHCIQXRP-UHFFFAOYSA-N,FC1=CC(F)=C(F)C=C1F,-2.38,-2.42
H-467,Tetrahydrofuran  ,InChI=1S/C4H8O/c1-2-4-5-3-1/h1-4H2,WYURNTSHIVDZCO-UHFFFAOYSA-N,C1CCOC1,1.15,-0.01
H-468,Tetrahydropyran  ,InChI=1S/C5H10O/c1-2-4-6-5-3-1/h1-5H2,DHXVGJBLRPWPCS-UHFFFAOYSA-N,C1CCOCC1,-0.03,-0.35
H-469,"1,2,4,5-Tetramethylbenzene  ","InChI=1S/C10H14/c1-7-5-9(3)10(4)6-8(7)2/h5-6H,1-4H3",SQNZJJAZBFDUTD-UHFFFAOYSA-N,CC1=CC(C)=C(C)C=C1C,-4.59,-3.65
H-470,Toluene  ,"InChI=1S/C7H8/c1-7-5-3-2-4-6-7/h2-6H,1H3",YXFVVABEGXRONW-UHFFFAOYSA-N,CC1=CC=CC=C1,-2.21,-2.26
H-471,Triamcinolone  ,"InChI=1S/C24H31FO6/c1-20(2)30-19-10-16-15-6-5-13-9-14(27)7-8-21(13,3)23(15,25)17(28)11-22(16,4)24(19,31-20)18(29)12-26/h7-9,15-17,19,26,28H,5-6,10-12H2,1-4H3",YNDXUCZADRHECN-UHFFFAOYSA-N,CC1(C)OC2CC3C4CCC5=CC(=O)C=CC5(C)C4(F)C(O)CC3(C)C2(C(=O)CO)O1,-3.68,-4.01
H-472,"1,2,3-Tribromobenzene  ",InChI=1S/C6H3Br3/c7-4-2-1-3-5(8)6(4)9/h1-3H,GMVJKSNPLYBFSO-UHFFFAOYSA-N,BrC1=CC=CC(Br)=C1Br,-5.07,-4.65
H-473,"1,2,4-Tribromobenzene  ",InChI=1S/C6H3Br3/c7-4-1-2-5(8)6(9)3-4/h1-3H,FWAJPSIPOULHHH-UHFFFAOYSA-N,BrC1=CC=C(Br)C(Br)=C1,-4.5,-4.73
H-474,"1,3,5-Tribromobenzene  ",InChI=1S/C6H3Br3/c7-4-1-5(8)3-6(9)2-4/h1-3H,YWDUZLFWHVQCHY-UHFFFAOYSA-N,BrC1=CC(Br)=CC(Br)=C1,-5.6,-4.69
H-475,"2,4,6-Tribromobiphenyl  ",InChI=1S/C12H7Br3/c13-9-6-10(14)12(11(15)7-9)8-4-2-1-3-5-8/h1-7H,YCLZBYQDXVJFII-UHFFFAOYSA-N,BrC1=CC(Br)=C(C2=CC=CC=C2)C(Br)=C1,-7.3,-6.45
H-476,Tribromomethane  ,InChI=1S/CHBr3/c2-1(3)4/h1H,DIKBFYAXUHHXCS-UHFFFAOYSA-N,BrC(Br)Br,-1.91,-2.13
H-477,"2,2,2-TriChloro-1,1-ethanediol  ","InChI=1S/C2H3Cl3O2/c3-2(4,5)1(6)7/h1,6-7H",RNFNDJAIBTYOQL-UHFFFAOYSA-N,OC(O)C(Cl)(Cl)Cl,0.72,-0.58
H-478,"2,3,4-Trichloroanisole  ","InChI=1S/C7H5Cl3O/c1-11-5-3-2-4(8)6(9)7(5)10/h2-3H,1H3",FRQUNVLMWIYOLV-UHFFFAOYSA-N,COC1=CC=C(Cl)C(Cl)=C1Cl,-4.29,-3.94
H-479,"2,4,6-Trichloroanisole  ","InChI=1S/C7H5Cl3O/c1-11-7-5(9)2-4(8)3-6(7)10/h2-3H,1H3",WCVOGSZTONGSQY-UHFFFAOYSA-N,COC1=C(Cl)C=C(Cl)C=C1Cl,-4.2,-3.95
H-480,"1,2,3-Trichlorobenzene  ",InChI=1S/C6H3Cl3/c7-4-2-1-3-5(8)6(4)9/h1-3H,RELMFMZEBKVZJC-UHFFFAOYSA-N,ClC1=CC=CC(Cl)=C1Cl,-4.1,-3.77
H-481,"1,2,4-Trichlorobenzene  ",InChI=1S/C6H3Cl3/c7-4-1-2-5(8)6(9)3-4/h1-3H,PBKONEOXTCPAFI-UHFFFAOYSA-N,ClC1=CC=C(Cl)C(Cl)=C1,-3.61,-3.83
H-482,"1,3,5-Trichlorobenzene  ",InChI=1S/C6H3Cl3/c7-4-1-5(8)3-6(9)2-4/h1-3H,XKEFYDZQGKAQCN-UHFFFAOYSA-N,ClC1=CC(Cl)=CC(Cl)=C1,-4.6,-3.77
H-483,"3,4,4'-Trichlorobiphenyl  ",InChI=1S/C12H7Cl3/c13-10-4-1-8(2-5-10)9-3-6-11(14)12(15)7-9/h1-7H,YZANRISAORXTHU-UHFFFAOYSA-N,ClC1=CC=C(C2=CC=C(Cl)C(Cl)=C2)C=C1,-7.06,-6.3
H-484,"2,3',5-Trichlorobiphenyl  ",InChI=1S/C12H7Cl3/c13-9-3-1-2-8(6-9)11-7-10(14)4-5-12(11)15/h1-7H,ONNCPBRWFSKDMQ-UHFFFAOYSA-N,ClC1=CC=C(Cl)C(C2=CC=CC(Cl)=C2)=C1,-6.01,-6.31
H-485,"2,3,4',-Trichlorobiphenyl  ",InChI=1S/C12H7Cl3/c13-9-6-4-8(5-7-9)10-2-1-3-11(14)12(10)15/h1-7H,ZMHWQAHZKUPENF-UHFFFAOYSA-N,ClC1=CC=C(C2=CC=CC(Cl)=C2Cl)C=C1,-6.26,-6.31
H-486,"2,4,5-Trichlorobiphenyl  ",InChI=1S/C12H7Cl3/c13-10-7-12(15)11(14)6-9(10)8-4-2-1-3-5-8/h1-7H,VGVIKVCCUATMNG-UHFFFAOYSA-N,ClC1=CC(Cl)=C(Cl)C=C1C1=CC=CC=C1,-6.27,-6.29
H-487,"2,3,6-Trichlorobiphenyl  ",InChI=1S/C12H7Cl3/c13-9-6-7-10(14)12(15)11(9)8-4-2-1-3-5-8/h1-7H,LVROLHVSYNLFBE-UHFFFAOYSA-N,ClC1=C(Cl)C(C2=CC=CC=C2)=C(Cl)C=C1,-6.29,-6.3
H-488,"2,4,6-Trichlorobiphenyl  ",InChI=1S/C12H7Cl3/c13-9-6-10(14)12(11(15)7-9)8-4-2-1-3-5-8/h1-7H,MTLMVEWEYZFYTH-UHFFFAOYSA-N,ClC1=CC(Cl)=C(C2=CC=CC=C2)C(Cl)=C1,-6.14,-6.3
H-489,"2',3,4-Trichlorobiphenyl  ",InChI=1S/C12H7Cl3/c13-10-4-2-1-3-9(10)8-5-6-11(14)12(15)7-8/h1-7H,RIMXLXBUOQMDHV-UHFFFAOYSA-N,ClC1=CC=C(C2=CC=CC=C2Cl)C=C1Cl,-6.29,-6.29
H-490,"2,4,4'-Trichlorobiphenyl  ",InChI=1S/C12H7Cl3/c13-9-3-1-8(2-4-9)11-6-5-10(14)7-12(11)15/h1-7H,BZTYNSQSZHARAZ-UHFFFAOYSA-N,ClC1=CC=C(C2=CC=C(Cl)C=C2Cl)C=C1,-6.21,-6.32
H-491,"1,2,4-Trichlorodibenzo-p-dioxin  ",InChI=1S/C12H5Cl3O2/c13-6-5-7(14)11-12(10(6)15)17-9-4-2-1-3-8(9)16-11/h1-5H,HRVUKLBFRPWXPJ-UHFFFAOYSA-N,ClC1=CC(Cl)=C2OC3=CC=CC=C3OC2=C1Cl,-7.58,-5.32
H-492,"2,4,5-Trichlorodiphenyl ether  ",InChI=1S/C12H7Cl3O/c13-9-6-11(15)12(7-10(9)14)16-8-4-2-1-3-5-8/h1-7H,UWKZWXCTDPYXHU-UHFFFAOYSA-N,ClC1=CC(Cl)=C(Cl)C=C1OC1=CC=CC=C1,-6.58,-5.85
H-493,"3,4,5-Trichlorodiphenyl ether  ",InChI=1S/C12H7Cl3O/c13-10-6-9(7-11(14)12(10)15)16-8-4-2-1-3-5-8/h1-7H,ZQCCHNBMSHOJAT-UHFFFAOYSA-N,ClC1=CC(OC2=CC=CC=C2)=CC(Cl)=C1Cl,-6.77,-5.83
H-494,"1,1,1-Trichloroethane  ","InChI=1S/C2H3Cl3/c1-2(3,4)5/h1H3",UOCLXMDMGBRAIB-UHFFFAOYSA-N,CC(Cl)(Cl)Cl,-2,-1.8
H-495,"1,1,2-Trichloroethane  ","InChI=1S/C2H3Cl3/c3-1-2(4)5/h2H,1H2",UBOXGVDOUJQMTN-UHFFFAOYSA-N,ClCC(Cl)Cl,-1.48,-1.66
H-496,"1,1,1-Trichloroethane  ","InChI=1S/C2H3Cl3/c1-2(3,4)5/h1H3",UOCLXMDMGBRAIB-UHFFFAOYSA-N,CC(Cl)(Cl)Cl,-2.14,-1.8
H-497,Trichloroethylene  ,InChI=1S/C2HCl3/c3-1-2(4)5/h1H,XSTXAVWGXDQKEL-UHFFFAOYSA-N,ClC=C(Cl)Cl,-1.96,-1.83
H-498,Trichloroethylene  ,InChI=1S/C2HCl3/c3-1-2(4)5/h1H,XSTXAVWGXDQKEL-UHFFFAOYSA-N,ClC=C(Cl)Cl,-1.93,-1.83
H-499,"1,1,2-Trichlorofluoroethane  ","InChI=1S/C2H2Cl3F/c3-1-2(4,5)6/h1H2",ZKVMMSGRDBQIOQ-UHFFFAOYSA-N,FC(Cl)(Cl)CCl,-3.04,-1.86
H-500,Trichloromethane  ,InChI=1S/CHCl3/c2-1(3)4/h1H,HEDRZPFGACZZDS-UHFFFAOYSA-N,ClC(Cl)Cl,-1.17,-1.23
H-501,"1,2,3-Trichloropropane  ","InChI=1S/C3H5Cl3/c4-1-3(6)2-5/h3H,1-2H2",CFXQEHVMCRXUSD-UHFFFAOYSA-N,ClCC(Cl)CCl,-1.92,-2.15
H-502,"3,4,5-Trichloroveratrole  ","InChI=1S/C8H7Cl3O2/c1-12-5-3-4(9)6(10)7(11)8(5)13-2/h3H,1-2H3",VKNITLPENCJQOP-UHFFFAOYSA-N,COC1=CC(Cl)=C(Cl)C(Cl)=C1OC,-4.37,-4.2
H-503,"1,1,1,-Trifluoro-2-propanol  ","InChI=1S/C3H5F3O/c1-2(7)3(4,5)6/h2,7H,1H3",GILIYJDBJZWGBG-UHFFFAOYSA-N,CC(O)C(F)(F)F,0.3,-0.44
H-504,"2,3,3-Trimethyl-2-Butanol  ","InChI=1S/C7H16O/c1-6(2,3)7(4,5)8/h8H,1-5H3",OKXVARYIKDXAEO-UHFFFAOYSA-N,CC(C)(C)C(C)(C)O,-0.72,-0.99
H-505,"2,2,3-Trimethyl-3-pentanol  ","InChI=1S/C8H18O/c1-6-8(5,9)7(2,3)4/h9H,6H2,1-5H3",KLIHWYNSISMOMR-UHFFFAOYSA-N,CCC(C)(O)C(C)(C)C,-1.27,-1.54
H-506,"1,2,3,-Trimethylbenzene  ","InChI=1S/C9H12/c1-7-5-4-6-8(2)9(7)3/h4-6H,1-3H3",FYGHSUNMUKGBRK-UHFFFAOYSA-N,CC1=CC=CC(C)=C1C,-3.2,-3.18
H-507,"1,2,4-Trimethylbenzene  ","InChI=1S/C9H12/c1-7-4-5-8(2)9(3)6-7/h4-6H,1-3H3",GWHJZXXIDMPWGX-UHFFFAOYSA-N,CC1=CC=C(C)C(C)=C1,-3.31,-3.16
H-508,"1,3,5-Trimethylbenzene  ","InChI=1S/C9H12/c1-7-4-8(2)6-9(3)5-7/h4-6H,1-3H3",AUHZEENZYGFFBQ-UHFFFAOYSA-N,CC1=CC(C)=CC(C)=C1,-3.4,-3.17
H-509,"2,2,4-Trimethylpentane  ","InChI=1S/C8H18/c1-7(2)6-8(3,4)5/h7H,6H2,1-5H3",NHTMVDHEPJAVLT-UHFFFAOYSA-N,CC(C)CC(C)(C)C,-4.74,-4.14
H-510,Triphenylene  ,InChI=1S/C18H12/c1-2-8-14-13(7-1)15-9-3-4-11-17(15)18-12-6-5-10-16(14)18/h1-12H,SLGBZMMZGDRARJ-UHFFFAOYSA-N,C1=CC=C2C(=C1)C1=CC=CC=C1C1=CC=CC=C21,-6.74,-7.76
H-511,Urea  ,"InChI=1S/CH4N2O/c2-1(3)4/h(H4,2,3,4)",XSQUKJJJFZCRTK-UHFFFAOYSA-N,NC(N)=O,0.96,0.84
H-512,Veleraldehyde  ,"InChI=1S/C5H10O/c1-2-3-4-5-6/h5H,2-4H2,1H3",HGBOYTHUEUWSSQ-UHFFFAOYSA-N,CCCCC=O,-0.85,-0.76
H-513,Veratrole  ,"InChI=1S/C8H10O2/c1-9-7-5-3-4-6-8(7)10-2/h3-6H,1-2H3",ABDKAPXRBAPSQN-UHFFFAOYSA-N,COC1=CC=CC=C1OC,-1.31,-1.99
H-514,Vernolate  ,"InChI=1S/C10H21NOS/c1-4-7-11(8-5-2)10(12)13-9-6-3/h4-9H2,1-3H3",OKUGPJPKMAEJOE-UHFFFAOYSA-N,CCCSC(=O)N(CCC)CCC,-3.3,-2.96
H-515,Warfarin  ,"InChI=1S/C19H16O4/c1-12(20)11-15(13-7-3-2-4-8-13)17-18(21)14-9-5-6-10-16(14)23-19(17)22/h2-10,15,21H,11H2,1H3",PJVWKTKQMONHTI-UHFFFAOYSA-N,CC(=O)CC(C1=CC=CC=C1)C1=C(O)C2=CC=CC=C2OC1=O,-3.89,-3.82
H-516,"1,1,3,4,4-Pentachloro-1,2-Butadiene  ",InChI=1S/C4HCl5/c5-2(4(8)9)1-3(6)7/h4H,UKADPXJGNACTCY-UHFFFAOYSA-N,ClC(Cl)=C=C(Cl)C(Cl)Cl,-4.23,-3.32
H-517,"2,2',3,3',4,4',5,5',6'-Nonachlorodiphenyl ether  ",InChI=1S/C12HCl9O/c13-2-1-3(5(15)6(16)4(2)14)22-12-10(20)8(18)7(17)9(19)11(12)21/h1H,FPEYJPVHPGDXDD-UHFFFAOYSA-N,ClC1=C(Cl)C(Cl)=C(Cl)C(OC2=C(Cl)C(Cl)=C(Cl)C(Cl)=C2Cl)=C1,-10.55,-9.13
H-518,"2,2',4,5,5'-Pentachlorobiphenyl  ",InChI=1S/C12H5Cl5/c13-6-1-2-9(14)7(3-6)8-4-11(16)12(17)5-10(8)15/h1-5H,LAHWLEDBADHJGA-UHFFFAOYSA-N,ClC1=CC=C(Cl)C(C2=CC(Cl)=C(Cl)C=C2Cl)=C1,-7.33,-7.59
H-519,"2,2',4,5'-Tetrachlorobenzyl-5 toluene  ","InChI=1S/C14H10Cl4/c1-8-4-9(14(18)7-13(8)17)5-10-6-11(15)2-3-12(10)16/h2-4,6-7H,5H2,1H3",QMUKHHNFJVHXQY-UHFFFAOYSA-N,CC1=C(Cl)C=C(Cl)C(CC2=CC(Cl)=CC=C2Cl)=C1,-8.06,-7.63
H-520,"2',2,5-Trichlorobiphenyl  ",InChI=1S/C12H7Cl3/c13-8-5-6-12(15)10(7-8)9-3-1-2-4-11(9)14/h1-7H,DCMURXAZTZQAFB-UHFFFAOYSA-N,ClC1=CC=C(Cl)C(C2=CC=CC=C2Cl)=C1,-6.02,-6.31
H-521,"2,3',4',5-Tetrachlorobiphenyl  ",InChI=1S/C12H6Cl4/c13-8-2-4-10(14)9(6-8)7-1-3-11(15)12(16)5-7/h1-6H,KENZYIHFBRWMOD-UHFFFAOYSA-N,ClC1=CC=C(Cl)C(C2=CC=C(Cl)C(Cl)=C2)=C1,-7.25,-6.94
H-522,"2,4,4'-trichlorodiphenyl ether  ",InChI=1S/C12H7Cl3O/c13-8-1-4-10(5-2-8)16-12-6-3-9(14)7-11(12)15/h1-7H,PIORTDHJOLELKR-UHFFFAOYSA-N,ClC1=CC=C(OC2=CC=C(Cl)C=C2Cl)C=C1,-6.22,-5.83
H-523,"2,4',6-Trichlorobiphenyl  ",InChI=1S/C12H7Cl3/c13-9-3-1-8(2-4-9)11-7-10(14)5-6-12(11)15/h1-7H,VAHKBZSAUKPEOV-UHFFFAOYSA-N,ClC1=CC=C(C2=CC(Cl)=CC=C2Cl)C=C1,-6.25,-6.32
H-524,Alachlor,"InChI=1S/C14H20ClNO2/c1-4-11-7-6-8-12(5-2)14(11)16(10-18-3)13(17)9-15/h6-8H,4-5,9-10H2,1-3H3",XCSGPAVHZFQHGE-UHFFFAOYSA-N,CCC1=CC=CC(CC)=C1N(COC)C(=O)CCl,-3.17,-3.11
H-525,Aldicarb,"InChI=1S/C7H14N2O2S/c1-7(2,12-4)5-9-11-6(10)8-3/h5H,1-4H3,(H,8,10)",QGLZXHRNAYXIBU-UHFFFAOYSA-N,CNC(=O)ON=CC(C)(C)SC,-0.71,-2.22
H-526,Aldrin,"InChI=1S/C12H8Cl6/c13-8-9(14)11(16)7-5-2-1-4(3-5)6(7)10(8,15)12(11,17)18/h1-2,4-7H,3H2",QBYJBZPUGVGKQQ-UHFFFAOYSA-N,ClC1=C(Cl)C2(Cl)C3C4C=CC(C4)C3C1(Cl)C2(Cl)Cl,-6.3,-6.65
H-527,Bifenox,"InChI=1S/C14H9Cl2NO5/c1-21-14(18)10-7-9(3-4-12(10)17(19)20)22-13-5-2-8(15)6-11(13)16/h2-7H,1H3",SUSRORUBZHMPCO-UHFFFAOYSA-N,COC(=O)C1=C(C=CC(=C1)OC2=C(C=C(C=C2)Cl)Cl)[N+](=O)[O-],-6,-5.85
H-528,Carbaril,"InChI=1S/C12H11NO2/c1-13-12(14)15-11-8-4-6-9-5-2-3-7-10(9)11/h2-8H,1H3,(H,13,14)",CVXBEEMKQHEXEN-UHFFFAOYSA-N,CNC(=O)OC1=CC=CC2=CC=CC=C21,-2.56,-3.34
H-529,Carbofuran,"InChI=1S/C12H15NO3/c1-12(2)7-8-5-4-6-9(10(8)16-12)15-11(14)13-3/h4-6H,7H2,1-3H3,(H,13,14)",DUEPRVBVGDRKAG-UHFFFAOYSA-N,CNC(=O)OC1=CC=CC2=C1OC(C)(C)C2,-1.21,-2.55
H-530,Carbophenothion,"InChI=1S/C11H16ClO2PS3/c1-3-13-15(16,14-4-2)18-9-17-11-7-5-10(12)6-8-11/h5-8H,3-4,9H2,1-2H3",VEDTXTNSFWUXGQ-UHFFFAOYSA-N,CCOP(=S)(OCC)SCSC1=CC=C(Cl)C=C1,-6.05,-6.11
H-531,Carboxin,"InChI=1S/C12H13NO2S/c1-9-11(16-8-7-15-9)12(14)13-10-5-3-2-4-6-10/h2-6H,7-8H2,1H3,(H,13,14)",GYSSRZJIHXQEHQ-UHFFFAOYSA-N,CC1=C(C(=O)NC2=CC=CC=C2)SCCO1,-3.14,-2.64
H-532,chlordane,"InChI=1S/C10H6Cl8/c11-3-1-2-4(5(3)12)9(16)7(14)6(13)8(2,15)10(9,17)18/h2-5H,1H2",BIWJNBZANLAXMG-UHFFFAOYSA-N,ClC1=C(Cl)C2(Cl)C3C(Cl)C(Cl)CC3C1(Cl)C2(Cl)Cl,-5.35,-6.77
H-533,Chlordene,"InChI=1S/C10H6Cl6/c11-6-7(12)9(14)5-3-1-2-4(5)8(6,13)10(9,15)16/h1-2,4-5H,3H2",XCJXQCUJXDUNDN-UHFFFAOYSA-N,ClC1=C(Cl)C2(Cl)C3CC=CC3C1(Cl)C2(Cl)Cl,-5.39,-6.33
H-534,chloroneb,"InChI=1S/C8H8Cl2O2/c1-11-7-3-6(10)8(12-2)4-5(7)9/h3-4H,1-2H3",PFIADAMVCJPXSF-UHFFFAOYSA-N,COC1=CC(Cl)=C(OC)C=C1Cl,-4.41,-3.55
H-535,chloropicrin,"InChI=1S/CCl3NO2/c2-1(3,4)5(6)7",LFHISGNCFUNFFM-UHFFFAOYSA-N,C([N+](=O)[O-])(Cl)(Cl)Cl,-2,-3.1
H-536,chlorothalonil,InChI=1S/C8Cl4N2/c9-5-3(1-13)6(10)8(12)7(11)4(5)2-14,CRQQGFGUEAVUIL-UHFFFAOYSA-N,N#CC1=C(Cl)C(Cl)=C(Cl)C(C#N)=C1Cl,-4.65,-4.18
H-537,Chloroxuron,"InChI=1S/C15H15ClN2O2/c1-18(2)15(19)17-12-5-9-14(10-6-12)20-13-7-3-11(16)4-8-13/h3-10H,1-2H3,(H,17,19)",IVUXTESCPZUGJC-UHFFFAOYSA-N,CN(C)C(=O)NC1=CC=C(OC2=CC=C(Cl)C=C2)C=C1,-4.89,-4.06
H-538,Chlorpropham,"InChI=1S/C10H12ClNO2/c1-7(2)14-10(13)12-9-5-3-4-8(11)6-9/h3-7H,1-2H3,(H,12,13)",CWJSHJJYOPWUGX-UHFFFAOYSA-N,CC(C)OC(=O)NC1=CC(Cl)=CC=C1,-3.39,-2.95
H-539,t-Crotonaldehyde,"InChI=1S/C4H6O/c1-2-3-4-5/h2-4H,1H3",MLUCVPSAIODCQM-UHFFFAOYSA-N,CC=CC=O,0.32,-0.02
H-540,DDD,"InChI=1S/C14H10Cl4/c15-11-5-1-9(2-6-11)13(14(17)18)10-3-7-12(16)8-4-10/h1-8,13-14H",AHJKRLASYNVKDZ-UHFFFAOYSA-N,ClC1=CC=C(C(C2=CC=C(Cl)C=C2)C(Cl)Cl)C=C1,-7.2,-7.48
H-541,DDE,InChI=1S/C14H8Cl4/c15-11-5-1-9(2-6-11)13(14(17)18)10-3-7-12(16)8-4-10/h1-8H,UCNVFOCBFJOQAL-UHFFFAOYSA-N,ClC1=CC=C(C(C2=CC=C(Cl)C=C2)=C(Cl)Cl)C=C1,-6.9,-6.64
H-542,DDT,"InChI=1S/C14H9Cl5/c15-11-5-1-9(2-6-11)13(14(17,18)19)10-3-7-12(16)8-4-10/h1-8,13H",YVGGHNCTFXOJCH-UHFFFAOYSA-N,ClC1=CC=C(C(C2=CC=C(Cl)C=C2)C(Cl)(Cl)Cl)C=C1,-8.08,-8
H-543,Deoxycorticosterone,"InChI=1S/C21H30O3/c1-20-9-7-14(23)11-13(20)3-4-15-16-5-6-18(19(24)12-22)21(16,2)10-8-17(15)20/h11,15-18,22H,3-10,12H2,1-2H3",ZESRJSPZRDMNHY-UHFFFAOYSA-N,CC12CCC(=O)C=C1CCC1C2CCC2(C)C(C(=O)CO)CCC12,-3.45,-4.3
H-544,Dexamethasone,"InChI=1S/C22H29FO5/c1-12-8-16-15-5-4-13-9-14(25)6-7-19(13,2)21(15,23)17(26)10-20(16,3)22(12,28)18(27)11-24/h6-7,9,12,15-17,24,26,28H,4-5,8,10-11H2,1-3H3",UREBDLICKHMUKA-UHFFFAOYSA-N,CC1CC2C3CCC4=CC(=O)C=CC4(C)C3(F)C(O)CC2(C)C1(O)C(=O)CO,-3.61,-3.89
H-545,dialifos,"InChI=1S/C14H17ClNO4PS2/c1-3-19-21(22,20-4-2)23-12(9-15)16-13(17)10-7-5-6-8-11(10)14(16)18/h5-8,12H,3-4,9H2,1-2H3",MUMQYXACQUZOFP-UHFFFAOYSA-N,CCOP(=S)(OCC)SC(CCl)N1C(=O)C2=CC=CC=C2C1=O,-5.85,-5.26
H-546,Diallate,"InChI=1S/C10H17Cl2NOS/c1-7(2)13(8(3)4)10(14)15-6-9(12)5-11/h5,7-8H,6H2,1-4H3",SPANOECCGNXGNR-UHFFFAOYSA-N,CC(C)N(C(=O)SCC(Cl)=CCl)C(C)C,-4.06,-4.03
H-547,"1,2-Dibromo-3-chloropropane","InChI=1S/C3H5Br2Cl/c4-1-3(5)2-6/h3H,1-2H2",WBEJYOJJBDISQU-UHFFFAOYSA-N,ClCC(Br)CBr,-2.38,-3.12
H-548,o-dibutylphthalate,"InChI=1S/C16H22O4/c1-3-5-7-11-9-10-13(15(17)18)14(16(19)20)12(11)8-6-4-2/h9-10H,3-8H2,1-2H3,(H,17,18)(H,19,20)",NUONTTMMRCYJMI-UHFFFAOYSA-N,CCCCC1=C(CCCC)C(C(O)=O)=C(C(O)=O)C=C1,-4.4,-4.15
H-549,Dicamba,"InChI=1S/C8H6Cl2O3/c1-13-7-5(10)3-2-4(9)6(7)8(11)12/h2-3H,1H3,(H,11,12)",IWEDIXLBFLAXBO-UHFFFAOYSA-N,COC1=C(Cl)C=CC(Cl)=C1C(=O)O,-1.7,-2.7
H-550,Diclofop-methyl,"InChI=1S/C16H14Cl2O4/c1-10(16(19)20-2)21-12-4-6-13(7-5-12)22-15-8-3-11(17)9-14(15)18/h3-10H,1-2H3",BACHBFVBHLGWSL-UHFFFAOYSA-N,COC(=O)C(C)OC1=CC=C(OC2=C(Cl)C=C(Cl)C=C2)C=C1,-3.82,-5.39
H-551,Dieldrin,"InChI=1S/C12H8Cl6O/c13-8-9(14)11(16)5-3-1-2(6-7(3)19-6)4(5)10(8,15)12(11,17)18/h2-7H,1H2",DFBKLUNHFCTMDC-UHFFFAOYSA-N,ClC1=C(Cl)C2(Cl)C3C4CC(C5OC45)C3C1(Cl)C2(Cl)Cl,-6.29,-6.27
H-552,Digitoxin,"InChI=1S/C41H64O13/c1-20-36(46)29(42)16-34(49-20)53-38-22(3)51-35(18-31(38)44)54-37-21(2)50-33(17-30(37)43)52-25-8-11-39(4)24(15-25)6-7-28-27(39)9-12-40(5)26(10-13-41(28,40)47)23-14-32(45)48-19-23/h14,20-22,24-31,33-38,42-44,46-47H,6-13,15-19H2,1-5H3",WDJUZGPOPHTGOT-UHFFFAOYSA-N,CC1OC(OC2C(O)CC(OC3C(O)CC(OC4CCC5(C)C(CCC6C5CCC5(C)C(C7=CC(=O)OC7)CCC65O)C4)OC3C)OC2C)CC(O)C1O,-5.28,-4.42
H-553,Digoxin,"InChI=1S/C41H64O14/c1-19-36(47)28(42)15-34(50-19)54-38-21(3)52-35(17-30(38)44)55-37-20(2)51-33(16-29(37)43)53-24-8-10-39(4)23(13-24)6-7-26-27(39)14-31(45)40(5)25(9-11-41(26,40)48)22-12-32(46)49-18-22/h12,19-21,23-31,33-38,42-45,47-48H,6-11,13-18H2,1-5H3",LTMHDMANZUZIPE-UHFFFAOYSA-N,CC1OC(OC2C(O)CC(OC3C(O)CC(OC4CCC5(C)C(CCC6C5CC(O)C5(C)C(C7=CC(=O)OC7)CCC65O)C4)OC3C)OC2C)CC(O)C1O,-4.16,-3.79
H-554,Dimethoate,"InChI=1S/C5H12NO3PS2/c1-6-5(7)4-12-10(11,8-2)9-3/h4H2,1-3H3,(H,6,7)",MCWXGJITAZMZEV-UHFFFAOYSA-N,CNC(=O)CSP(=S)(OC)OC,-0.74,-2.04
H-555,"1,5-Dimethoxydiethyl ether","InChI=1S/C6H14O3/c1-7-3-5-9-6-4-8-2/h3-6H2,1-2H3",SBZXBUIDTXKZTM-UHFFFAOYSA-N,COCCOCCOC,0.88,-0.34
H-556,b-Endosulfan,"InChI=1S/C9H6Cl6O3S/c10-5-6(11)8(13)4-2-18-19(16)17-1-3(4)7(5,12)9(8,14)15/h3-4H,1-2H2",RDYMFSUJUZBWLH-UHFFFAOYSA-N,O=S1OCC2C(CO1)C1(Cl)C(Cl)=C(Cl)C2(Cl)C1(Cl)Cl,-6.08,-3.16
H-557,a-Endosulfan,"InChI=1S/C9H6Cl6O3S/c10-5-6(11)8(13)4-2-18-19(16)17-1-3(4)7(5,12)9(8,14)15/h3-4H,1-2H2",RDYMFSUJUZBWLH-UHFFFAOYSA-N,O=S1OCC2C(CO1)C1(Cl)C(Cl)=C(Cl)C2(Cl)C1(Cl)Cl,-5.93,-3.16
H-558,Endrin,"InChI=1S/C12H8Cl6O/c13-8-9(14)11(16)5-3-1-2(6-7(3)19-6)4(5)10(8,15)12(11,17)18/h2-7H,1H2",DFBKLUNHFCTMDC-UHFFFAOYSA-N,ClC1=C(Cl)C2(Cl)C3C4CC(C5OC45)C3C1(Cl)C2(Cl)Cl,-6.35,-6.27
H-559,EPTC,"InChI=1S/C9H19NOS/c1-4-7-10(8-5-2)9(11)12-6-3/h4-8H2,1-3H3",GUVLYNGULCJVDO-UHFFFAOYSA-N,CCCN(CCC)C(=O)SCC,-2.7,-2.3
H-560,Ethane,InChI=1S/C2H6/c1-2/h1-2H3,OTMSDBZUPAUEDD-UHFFFAOYSA-N,CC,-2.73,0.38
H-561,Eucalyptol,"InChI=1S/C10H18O/c1-9(2)8-4-6-10(3,11-9)7-5-8/h8H,4-7H2,1-3H3",WEEGYLXZBRQIMU-UHFFFAOYSA-N,CC12CCC(CC1)C(C)(C)O2,-1.82,-3.84
H-562,Fenfuram,"InChI=1S/C12H11NO2/c1-9-11(7-8-15-9)12(14)13-10-5-3-2-4-6-10/h2-8H,1H3,(H,13,14)",JFSPBVWPKOEZCB-UHFFFAOYSA-N,CC1=C(C(=O)NC2=CC=CC=C2)C=CO1,-3.3,-3.18
H-563,Fluorodifen,"InChI=1S/C13H7F3N2O5/c14-13(15,16)8-1-6-12(11(7-8)18(21)22)23-10-4-2-9(3-5-10)17(19)20/h1-7H",HHMCAJWVGYGUEF-UHFFFAOYSA-N,C1=CC(=CC=C1[N+](=O)[O-])OC2=C(C=C(C=C2)C(F)(F)F)[N+](=O)[O-],-5.22,-5.67
H-564,Halothane,"InChI=1S/C2HBrClF3/c3-1(4)2(5,6)7/h1H",BCQZXOMGPXTTIC-UHFFFAOYSA-N,FC(F)(F)C(Cl)Br,-1.41,-1.71
H-565,Heptachlor,"InChI=1S/C10H5Cl7/c11-4-2-1-3-5(4)9(15)7(13)6(12)8(3,14)10(9,16)17/h1-5H",FRCCEHPWNOQAEU-UHFFFAOYSA-N,ClC1=C(Cl)C2(Cl)C3C(Cl)C=CC3C1(Cl)C2(Cl)Cl,-6.08,-6.45
H-566,Leptophos,"InChI=1S/C13H10BrCl2O2PS/c1-17-19(20,9-5-3-2-4-6-9)18-13-8-11(15)10(14)7-12(13)16/h2-8H,1H3",CVRALZAYCYJELZ-UHFFFAOYSA-N,COP(=S)(OC1=CC(Cl)=C(Br)C=C1Cl)C1=CC=CC=C1,-5.66,-6.79
H-567,Lindane,InChI=1S/C6H6Cl6/c7-1-2(8)4(10)6(12)5(11)3(1)9/h1-6H,JLYXXMFPNIAWKQ-UHFFFAOYSA-N,ClC1C(Cl)C(Cl)C(Cl)C(Cl)C1Cl,-4.43,-4.73
H-568,Nitrofen,InChI=1S/C12H7Cl2NO3/c13-8-1-6-12(11(14)7-8)18-10-4-2-9(3-5-10)15(16)17/h1-7H,XITQUSLLOSKDTB-UHFFFAOYSA-N,C1=CC(=CC=C1[N+](=O)[O-])OC2=C(C=C(C=C2)Cl)Cl,-5.46,-5.46
H-569,Parathion,"InChI=1S/C10H14NO5PS/c1-3-14-17(18,15-4-2)16-10-7-5-9(6-8-10)11(12)13/h5-8H,3-4H2,1-2H3",LCCNCVORNKJIRZ-UHFFFAOYSA-N,CCOP(=S)(OCC)OC1=CC=C(C=C1)[N+](=O)[O-],-4.29,-4.37
H-570,Pebulate,"InChI=1S/C10H21NOS/c1-4-7-8-11(6-3)10(12)13-9-5-2/h4-9H2,1-3H3",SGEJQUSYQTVSIU-UHFFFAOYSA-N,CCCCN(CC)C(=O)SCCC,-3.41,-2.94
H-571,Permethrin,"InChI=1S/C21H20Cl2O3/c1-21(2)17(12-18(22)23)19(21)20(24)25-13-14-7-6-10-16(11-14)26-15-8-4-3-5-9-15/h3-12,17,19H,13H2,1-2H3",RLLPVAHGXHCWKJ-UHFFFAOYSA-N,CC1(C)C(C=C(Cl)Cl)C1C(=O)OCC1=CC(OC2=CC=CC=C2)=CC=C1,-6.29,-6.75
H-572,Perthane,"InChI=1S/C18H20Cl2/c1-3-13-5-9-15(10-6-13)17(18(19)20)16-11-7-14(4-2)8-12-16/h5-12,17-18H,3-4H2,1-2H3",QFMDFTQOJHFVNR-UHFFFAOYSA-N,CCC1=CC=C(C(C2=CC=C(CC)C=C2)C(Cl)Cl)C=C1,-7.04,-7.5
H-573,Phenmedipham,"InChI=1S/C16H16N2O4/c1-11-5-3-6-12(9-11)18-16(20)22-14-8-4-7-13(10-14)17-15(19)21-2/h3-10H,1-2H3,(H,17,19)(H,18,20)",IDOWTHOLJBTAFI-UHFFFAOYSA-N,COC(=O)NC1=CC(OC(=O)NC2=CC=CC(C)=C2)=CC=C1,-4.78,-4.18
H-574,Prasterone,"InChI=1S/C19H28O2/c1-18-9-7-13(20)11-12(18)3-4-14-15-5-6-17(21)19(15,2)10-8-16(14)18/h3,13-16,20H,4-11H2,1-2H3",FMGSKLZLMKYGDP-UHFFFAOYSA-N,CC12CCC3C(CC=C4CC(O)CCC43C)C1CCC2=O,-4.01,-3.82
H-575,Propanil,"InChI=1S/C9H9Cl2NO/c1-2-9(13)12-6-3-4-7(10)8(11)5-6/h3-5H,2H2,1H3,(H,12,13)",LFULEKSKNZEWOE-UHFFFAOYSA-N,CCC(=O)NC1=CC(Cl)=C(Cl)C=C1,-2.78,-3.55
H-576,Quintozene,InChI=1S/C6Cl5NO2/c7-1-2(8)4(10)6(12(13)14)5(11)3(1)9,LKPLKUMXSAEKID-UHFFFAOYSA-N,C1(=C(C(=C(C(=C1Cl)Cl)Cl)Cl)Cl)[N+](=O)[O-],-5.82,-5.81
H-577,TCDD,InChI=1S/C12H4Cl4O2/c13-5-1-9-10(2-6(5)14)18-12-4-8(16)7(15)3-11(12)17-9/h1-4H,HGUFODBRKLSHSI-UHFFFAOYSA-N,ClC1=C(Cl)C=C2OC3=CC(Cl)=C(Cl)C=C3OC2=C1,-10.22,-5.94
H-578,Triallate,"InChI=1S/C10H16Cl3NOS/c1-6(2)14(7(3)4)10(15)16-5-8(11)9(12)13/h6-7H,5H2,1-4H3",MWBPRDONLNQCFV-UHFFFAOYSA-N,CC(C)N(C(=O)SCC(Cl)=C(Cl)Cl)C(C)C,-4.88,-4.58
